{"volts": 5.07, "amps": 0.835, "watts": 4.233, "temp_c": 26, "temp_f": 79, "data_group_selected": 0, "data_line_positive_volts": 0.98, "data_line_negative_volts": 0.97, "charging_mode": 0, "record_amphours": 1.137, "record_watthours": 5.747, "record_threshold": 0.17, "record_seconds": 6913, "recording": true, "screen_timeout": 1, "screen_brightness": 4, "resistance": 6.0, "screen_selected": 0, "data_groups": [{"amp_hours": 1.137, "watt_hours": 5.747}, {"amp_hours": 27.019, "watt_hours": 99.999}, {"amp_hours": 0.032, "watt_hours": 0.167}, {"amp_hours": 0.0, "watt_hours": 0.0}, {"amp_hours": 13.76, "watt_hours": 69.396}, {"amp_hours": 0.0, "watt_hours": 0.0}, {"amp_hours": 0.0, "watt_hours": 0.0}, {"amp_hours": 0.0, "watt_hours": 0.0}, {"amp_hours": 0.0, "watt_hours": 0.0}, {"amp_hours": 0.0, "watt_hours": 0.0}], "collection_time": 1727287991.030844}
{"volts": 5.08, "amps": 0.972, "watts": 4.937, "temp_c": 26, "temp_f": 79, "data_group_selected": 0, "data_line_positive_volts": 0.96, "data_line_negative_volts": 0.95, "charging_mode": 0, "record_amphours": 1.139, "record_watthours": 5.754, "record_threshold": 0.17, "record_seconds": 6918, "recording": true, "screen_timeout": 1, "screen_brightness": 4, "resistance": 5.2, "screen_selected": 0, "data_groups": [{"amp_hours": 1.139, "watt_hours": 5.754}, {"amp_hours": 27.019, "watt_hours": 99.999}, {"amp_hours": 0.032, "watt_hours": 0.167}, {"amp_hours": 0.0, "watt_hours": 0.0}, {"amp_hours": 13.76, "watt_hours": 69.396}, {"amp_hours": 0.0, "watt_hours": 0.0}, {"amp_hours": 0.0, "watt_hours": 0.0}, {"amp_hours": 0.0, "watt_hours": 0.0}, {"amp_hours": 0.0, "watt_hours": 0.0}, {"amp_hours": 0.0, "watt_hours": 0.0}], "collection_time": 1727287996.223069}
{"volts": 5.08, "amps": 0.969, "watts": 4.922, "temp_c": 26, "temp_f": 79, "data_group_selected": 0, "data_line_positive_volts": 0.94, "data_line_negative_volts": 0.93, "charging_mode": 0, "record_amphours": 1.14, "record_watthours": 5.762, "record_threshold": 0.17, "record_seconds": 6924, "recording": true, "screen_timeout": 1, "screen_brightness": 4, "resistance": 5.2, "screen_selected": 0, "data_groups": [{"amp_hours": 1.14, "watt_hours": 5.762}, {"amp_hours": 27.019, "watt_hours": 99.999}, {"amp_hours": 0.032, "watt_hours": 0.167}, {"amp_hours": 0.0, "watt_hours": 0.0}, {"amp_hours": 13.76, "watt_hours": 69.396}, {"amp_hours": 0.0, "watt_hours": 0.0}, {"amp_hours": 0.0, "watt_hours": 0.0}, {"amp_hours": 0.0, "watt_hours": 0.0}, {"amp_hours": 0.0, "watt_hours": 0.0}, {"amp_hours": 0.0, "watt_hours": 0.0}], "collection_time": 1727288001.427537}
{"volts": 5.08, "amps": 0.981, "watts": 4.983, "temp_c": 26, "temp_f": 79, "data_group_selected": 0, "data_line_positive_volts": 0.95, "data_line_negative_volts": 0.94, "charging_mode": 0, "record_amphours": 1.141, "record_watthours": 5.768, "record_threshold": 0.17, "record_seconds": 6929, "recording": true, "screen_timeout": 1, "screen_brightness": 4, "resistance": 5.1, "screen_selected": 0, "data_groups": [{"amp_hours": 1.141, "watt_hours": 5.768}, {"amp_hours": 27.019, "watt_hours": 99.999}, {"amp_hours": 0.032, "watt_hours": 0.167}, {"amp_hours": 0.0, "watt_hours": 0.0}, {"amp_hours": 13.76, "watt_hours": 69.396}, {"amp_hours": 0.0, "watt_hours": 0.0}, {"amp_hours": 0.0, "watt_hours": 0.0}, {"amp_hours": 0.0, "watt_hours": 0.0}, {"amp_hours": 0.0, "watt_hours": 0.0}, {"amp_hours": 0.0, "watt_hours": 0.0}], "collection_time": 1727288006.623414}
{"volts": 5.07, "amps": 0.808, "watts": 4.096, "temp_c": 26, "temp_f": 80, "data_group_selected": 0, "data_line_positive_volts": 0.93, "data_line_negative_volts": 0.92, "charging_mode": 0, "record_amphours": 1.143, "record_watthours": 5.775, "record_threshold": 0.17, "record_seconds": 6934, "recording": true, "screen_timeout": 1, "screen_brightness": 4, "resistance": 6.2, "screen_selected": 0, "data_groups": [{"amp_hours": 1.143, "watt_hours": 5.775}, {"amp_hours": 27.019, "watt_hours": 99.999}, {"amp_hours": 0.032, "watt_hours": 0.167}, {"amp_hours": 0.0, "watt_hours": 0.0}, {"amp_hours": 13.76, "watt_hours": 69.396}, {"amp_hours": 0.0, "watt_hours": 0.0}, {"amp_hours": 0.0, "watt_hours": 0.0}, {"amp_hours": 0.0, "watt_hours": 0.0}, {"amp_hours": 0.0, "watt_hours": 0.0}, {"amp_hours": 0.0, "watt_hours": 0.0}], "collection_time": 1727288011.835376}
{"volts": 5.07, "amps": 0.843, "watts": 4.274, "temp_c": 26, "temp_f": 80, "data_group_selected": 0, "data_line_positive_volts": 0.93, "data_line_negative_volts": 0.92, "charging_mode": 0, "record_amphours": 1.144, "record_watthours": 5.781, "record_threshold": 0.17, "record_seconds": 6939, "recording": true, "screen_timeout": 1, "screen_brightness": 4, "resistance": 6.0, "screen_selected": 0, "data_groups": [{"amp_hours": 1.144, "watt_hours": 5.781}, {"amp_hours": 27.019, "watt_hours": 99.999}, {"amp_hours": 0.032, "watt_hours": 0.167}, {"amp_hours": 0.0, "watt_hours": 0.0}, {"amp_hours": 13.76, "watt_hours": 69.396}, {"amp_hours": 0.0, "watt_hours": 0.0}, {"amp_hours": 0.0, "watt_hours": 0.0}, {"amp_hours": 0.0, "watt_hours": 0.0}, {"amp_hours": 0.0, "watt_hours": 0.0}, {"amp_hours": 0.0, "watt_hours": 0.0}], "collection_time": 1727288017.015307}
{"volts": 5.07, "amps": 0.892, "watts": 4.522, "temp_c": 26, "temp_f": 80, "data_group_selected": 0, "data_line_positive_volts": 0.95, "data_line_negative_volts": 0.94, "charging_mode": 0, "record_amphours": 1.145, "record_watthours": 5.787, "record_threshold": 0.17, "record_seconds": 6944, "recording": true, "screen_timeout": 1, "screen_brightness": 4, "resistance": 5.6, "screen_selected": 0, "data_groups": [{"amp_hours": 1.145, "watt_hours": 5.787}, {"amp_hours": 27.019, "watt_hours": 99.999}, {"amp_hours": 0.032, "watt_hours": 0.167}, {"amp_hours": 0.0, "watt_hours": 0.0}, {"amp_hours": 13.76, "watt_hours": 69.396}, {"amp_hours": 0.0, "watt_hours": 0.0}, {"amp_hours": 0.0, "watt_hours": 0.0}, {"amp_hours": 0.0, "watt_hours": 0.0}, {"amp_hours": 0.0, "watt_hours": 0.0}, {"amp_hours": 0.0, "watt_hours": 0.0}], "collection_time": 1727288022.227261}
{"volts": 5.08, "amps": 0.928, "watts": 4.714, "temp_c": 26, "temp_f": 80, "data_group_selected": 0, "data_line_positive_volts": 0.93, "data_line_negative_volts": 0.92, "charging_mode": 0, "record_amphours": 1.146, "record_watthours": 5.794, "record_threshold": 0.17, "record_seconds": 6950, "recording": true, "screen_timeout": 1, "screen_brightness": 4, "resistance": 5.4, "screen_selected": 0, "data_groups": [{"amp_hours": 1.146, "watt_hours": 5.794}, {"amp_hours": 27.019, "watt_hours": 99.999}, {"amp_hours": 0.032, "watt_hours": 0.167}, {"amp_hours": 0.0, "watt_hours": 0.0}, {"amp_hours": 13.76, "watt_hours": 69.396}, {"amp_hours": 0.0, "watt_hours": 0.0}, {"amp_hours": 0.0, "watt_hours": 0.0}, {"amp_hours": 0.0, "watt_hours": 0.0}, {"amp_hours": 0.0, "watt_hours": 0.0}, {"amp_hours": 0.0, "watt_hours": 0.0}], "collection_time": 1727288027.411456}
{"volts": 5.07, "amps": 0.901, "watts": 4.568, "temp_c": 26, "temp_f": 80, "data_group_selected": 0, "data_line_positive_volts": 0.94, "data_line_negative_volts": 0.93, "charging_mode": 0, "record_amphours": 1.148, "record_watthours": 5.8, "record_threshold": 0.17, "record_seconds": 6955, "recording": true, "screen_timeout": 1, "screen_brightness": 4, "resistance": 5.6, "screen_selected": 0, "data_groups": [{"amp_hours": 1.148, "watt_hours": 5.8}, {"amp_hours": 27.019, "watt_hours": 99.999}, {"amp_hours": 0.032, "watt_hours": 0.167}, {"amp_hours": 0.0, "watt_hours": 0.0}, {"amp_hours": 13.76, "watt_hours": 69.396}, {"amp_hours": 0.0, "watt_hours": 0.0}, {"amp_hours": 0.0, "watt_hours": 0.0}, {"amp_hours": 0.0, "watt_hours": 0.0}, {"amp_hours": 0.0, "watt_hours": 0.0}, {"amp_hours": 0.0, "watt_hours": 0.0}], "collection_time": 1727288032.623366}
