{"volts": 5.04, "amps": 0.494, "watts": 2.489, "temp_c": 26, "temp_f": 78, "data_group_selected": 4, "data_line_positive_volts": 1.0, "data_line_negative_volts": 0.98, "charging_mode": 0, "record_amphours": 2.177, "record_watthours": 10.974, "record_threshold": 0.17, "record_seconds": 16017, "recording": true, "screen_timeout": 1, "screen_brightness": 4, "resistance": 10.2, "screen_selected": 0, "data_groups": [{"amp_hours": 1.884, "watt_hours": 9.245}, {"amp_hours": 27.019, "watt_hours": 99.999}, {"amp_hours": 0.032, "watt_hours": 0.167}, {"amp_hours": 0.0, "watt_hours": 0.0}, {"amp_hours": 5.376, "watt_hours": 27.109}, {"amp_hours": 0.0, "watt_hours": 0.0}, {"amp_hours": 0.0, "watt_hours": 0.0}, {"amp_hours": 0.0, "watt_hours": 0.0}, {"amp_hours": 0.0, "watt_hours": 0.0}, {"amp_hours": 0.0, "watt_hours": 0.0}], "collection_time": 1727195510.837759}
{"volts": 5.09, "amps": 1.032, "watts": 5.252, "temp_c": 26, "temp_f": 78, "data_group_selected": 4, "data_line_positive_volts": 0.99, "data_line_negative_volts": 0.98, "charging_mode": 0, "record_amphours": 2.178, "record_watthours": 10.981, "record_threshold": 0.17, "record_seconds": 16022, "recording": true, "screen_timeout": 1, "screen_brightness": 4, "resistance": 4.9, "screen_selected": 0, "data_groups": [{"amp_hours": 1.884, "watt_hours": 9.245}, {"amp_hours": 27.019, "watt_hours": 99.999}, {"amp_hours": 0.032, "watt_hours": 0.167}, {"amp_hours": 0.0, "watt_hours": 0.0}, {"amp_hours": 5.377, "watt_hours": 27.116}, {"amp_hours": 0.0, "watt_hours": 0.0}, {"amp_hours": 0.0, "watt_hours": 0.0}, {"amp_hours": 0.0, "watt_hours": 0.0}, {"amp_hours": 0.0, "watt_hours": 0.0}, {"amp_hours": 0.0, "watt_hours": 0.0}], "collection_time": 1727195516.021746}
{"volts": 5.09, "amps": 1.04, "watts": 5.293, "temp_c": 26, "temp_f": 79, "data_group_selected": 4, "data_line_positive_volts": 0.98, "data_line_negative_volts": 0.97, "charging_mode": 0, "record_amphours": 2.179, "record_watthours": 10.989, "record_threshold": 0.17, "record_seconds": 16027, "recording": true, "screen_timeout": 1, "screen_brightness": 4, "resistance": 4.8, "screen_selected": 0, "data_groups": [{"amp_hours": 1.884, "watt_hours": 9.245}, {"amp_hours": 27.019, "watt_hours": 99.999}, {"amp_hours": 0.032, "watt_hours": 0.167}, {"amp_hours": 0.0, "watt_hours": 0.0}, {"amp_hours": 5.378, "watt_hours": 27.124}, {"amp_hours": 0.0, "watt_hours": 0.0}, {"amp_hours": 0.0, "watt_hours": 0.0}, {"amp_hours": 0.0, "watt_hours": 0.0}, {"amp_hours": 0.0, "watt_hours": 0.0}, {"amp_hours": 0.0, "watt_hours": 0.0}], "collection_time": 1727195521.233518}
{"volts": 5.1, "amps": 1.055, "watts": 5.38, "temp_c": 26, "temp_f": 79, "data_group_selected": 4, "data_line_positive_volts": 0.97, "data_line_negative_volts": 0.96, "charging_mode": 0, "record_amphours": 2.181, "record_watthours": 10.996, "record_threshold": 0.17, "record_seconds": 16032, "recording": true, "screen_timeout": 1, "screen_brightness": 4, "resistance": 4.8, "screen_selected": 0, "data_groups": [{"amp_hours": 1.884, "watt_hours": 9.245}, {"amp_hours": 27.019, "watt_hours": 99.999}, {"amp_hours": 0.032, "watt_hours": 0.167}, {"amp_hours": 0.0, "watt_hours": 0.0}, {"amp_hours": 5.38, "watt_hours": 27.131}, {"amp_hours": 0.0, "watt_hours": 0.0}, {"amp_hours": 0.0, "watt_hours": 0.0}, {"amp_hours": 0.0, "watt_hours": 0.0}, {"amp_hours": 0.0, "watt_hours": 0.0}, {"amp_hours": 0.0, "watt_hours": 0.0}], "collection_time": 1727195526.421862}
{"volts": 5.1, "amps": 1.054, "watts": 5.375, "temp_c": 26, "temp_f": 79, "data_group_selected": 4, "data_line_positive_volts": 0.96, "data_line_negative_volts": 0.95, "charging_mode": 0, "record_amphours": 2.182, "record_watthours": 11.004, "record_threshold": 0.17, "record_seconds": 16037, "recording": true, "screen_timeout": 1, "screen_brightness": 4, "resistance": 4.8, "screen_selected": 0, "data_groups": [{"amp_hours": 1.884, "watt_hours": 9.245}, {"amp_hours": 27.019, "watt_hours": 99.999}, {"amp_hours": 0.032, "watt_hours": 0.167}, {"amp_hours": 0.0, "watt_hours": 0.0}, {"amp_hours": 5.381, "watt_hours": 27.139}, {"amp_hours": 0.0, "watt_hours": 0.0}, {"amp_hours": 0.0, "watt_hours": 0.0}, {"amp_hours": 0.0, "watt_hours": 0.0}, {"amp_hours": 0.0, "watt_hours": 0.0}, {"amp_hours": 0.0, "watt_hours": 0.0}], "collection_time": 1727195531.633859}
{"volts": 5.09, "amps": 1.009, "watts": 5.135, "temp_c": 26, "temp_f": 79, "data_group_selected": 4, "data_line_positive_volts": 0.96, "data_line_negative_volts": 0.95, "charging_mode": 0, "record_amphours": 2.184, "record_watthours": 11.013, "record_threshold": 0.17, "record_seconds": 16043, "recording": true, "screen_timeout": 1, "screen_brightness": 4, "resistance": 5.0, "screen_selected": 0, "data_groups": [{"amp_hours": 1.884, "watt_hours": 9.245}, {"amp_hours": 27.019, "watt_hours": 99.999}, {"amp_hours": 0.032, "watt_hours": 0.167}, {"amp_hours": 0.0, "watt_hours": 0.0}, {"amp_hours": 5.383, "watt_hours": 27.148}, {"amp_hours": 0.0, "watt_hours": 0.0}, {"amp_hours": 0.0, "watt_hours": 0.0}, {"amp_hours": 0.0, "watt_hours": 0.0}, {"amp_hours": 0.0, "watt_hours": 0.0}, {"amp_hours": 0.0, "watt_hours": 0.0}], "collection_time": 1727195536.849824}
{"volts": 5.09, "amps": 1.039, "watts": 5.288, "temp_c": 26, "temp_f": 79, "data_group_selected": 4, "data_line_positive_volts": 0.96, "data_line_negative_volts": 0.95, "charging_mode": 0, "record_amphours": 2.186, "record_watthours": 11.02, "record_threshold": 0.17, "record_seconds": 16048, "recording": true, "screen_timeout": 1, "screen_brightness": 4, "resistance": 4.8, "screen_selected": 0, "data_groups": [{"amp_hours": 1.884, "watt_hours": 9.245}, {"amp_hours": 27.019, "watt_hours": 99.999}, {"amp_hours": 0.032, "watt_hours": 0.167}, {"amp_hours": 0.0, "watt_hours": 0.0}, {"amp_hours": 5.385, "watt_hours": 27.155}, {"amp_hours": 0.0, "watt_hours": 0.0}, {"amp_hours": 0.0, "watt_hours": 0.0}, {"amp_hours": 0.0, "watt_hours": 0.0}, {"amp_hours": 0.0, "watt_hours": 0.0}, {"amp_hours": 0.0, "watt_hours": 0.0}], "collection_time": 1727195542.16203}
{"volts": 5.09, "amps": 1.029, "watts": 5.237, "temp_c": 26, "temp_f": 79, "data_group_selected": 4, "data_line_positive_volts": 0.96, "data_line_negative_volts": 0.95, "charging_mode": 0, "record_amphours": 2.187, "record_watthours": 11.027, "record_threshold": 0.17, "record_seconds": 16053, "recording": true, "screen_timeout": 1, "screen_brightness": 4, "resistance": 4.9, "screen_selected": 0, "data_groups": [{"amp_hours": 1.884, "watt_hours": 9.245}, {"amp_hours": 27.019, "watt_hours": 99.999}, {"amp_hours": 0.032, "watt_hours": 0.167}, {"amp_hours": 0.0, "watt_hours": 0.0}, {"amp_hours": 5.386, "watt_hours": 27.162}, {"amp_hours": 0.0, "watt_hours": 0.0}, {"amp_hours": 0.0, "watt_hours": 0.0}, {"amp_hours": 0.0, "watt_hours": 0.0}, {"amp_hours": 0.0, "watt_hours": 0.0}, {"amp_hours": 0.0, "watt_hours": 0.0}], "collection_time": 1727195547.353991}
{"volts": 5.09, "amps": 1.027, "watts": 5.227, "temp_c": 26, "temp_f": 79, "data_group_selected": 4, "data_line_positive_volts": 0.96, "data_line_negative_volts": 0.95, "charging_mode": 0, "record_amphours": 2.188, "record_watthours": 11.034, "record_threshold": 0.17, "record_seconds": 16058, "recording": true, "screen_timeout": 1, "screen_brightness": 4, "resistance": 4.9, "screen_selected": 0, "data_groups": [{"amp_hours": 1.884, "watt_hours": 9.245}, {"amp_hours": 27.019, "watt_hours": 99.999}, {"amp_hours": 0.032, "watt_hours": 0.167}, {"amp_hours": 0.0, "watt_hours": 0.0}, {"amp_hours": 5.387, "watt_hours": 27.169}, {"amp_hours": 0.0, "watt_hours": 0.0}, {"amp_hours": 0.0, "watt_hours": 0.0}, {"amp_hours": 0.0, "watt_hours": 0.0}, {"amp_hours": 0.0, "watt_hours": 0.0}, {"amp_hours": 0.0, "watt_hours": 0.0}], "collection_time": 1727195552.549677}
