{"volts": 5.09, "amps": 1.029, "watts": 5.237, "temp_c": 26, "temp_f": 79, "data_group_selected": 0, "data_line_positive_volts": 0.99, "data_line_negative_volts": 0.98, "charging_mode": 0, "record_amphours": 1.095, "record_watthours": 5.535, "record_threshold": 0.17, "record_seconds": 6711, "recording": true, "screen_timeout": 1, "screen_brightness": 4, "resistance": 4.9, "screen_selected": 0, "data_groups": [{"amp_hours": 1.095, "watt_hours": 5.535}, {"amp_hours": 27.019, "watt_hours": 99.999}, {"amp_hours": 0.032, "watt_hours": 0.167}, {"amp_hours": 0.0, "watt_hours": 0.0}, {"amp_hours": 13.76, "watt_hours": 69.396}, {"amp_hours": 0.0, "watt_hours": 0.0}, {"amp_hours": 0.0, "watt_hours": 0.0}, {"amp_hours": 0.0, "watt_hours": 0.0}, {"amp_hours": 0.0, "watt_hours": 0.0}, {"amp_hours": 0.0, "watt_hours": 0.0}], "collection_time": 1727287789.331179}
{"volts": 5.08, "amps": 1.031, "watts": 5.237, "temp_c": 26, "temp_f": 79, "data_group_selected": 0, "data_line_positive_volts": 0.96, "data_line_negative_volts": 0.95, "charging_mode": 0, "record_amphours": 1.097, "record_watthours": 5.544, "record_threshold": 0.17, "record_seconds": 6717, "recording": true, "screen_timeout": 1, "screen_brightness": 4, "resistance": 4.9, "screen_selected": 0, "data_groups": [{"amp_hours": 1.097, "watt_hours": 5.544}, {"amp_hours": 27.019, "watt_hours": 99.999}, {"amp_hours": 0.032, "watt_hours": 0.167}, {"amp_hours": 0.0, "watt_hours": 0.0}, {"amp_hours": 13.76, "watt_hours": 69.396}, {"amp_hours": 0.0, "watt_hours": 0.0}, {"amp_hours": 0.0, "watt_hours": 0.0}, {"amp_hours": 0.0, "watt_hours": 0.0}, {"amp_hours": 0.0, "watt_hours": 0.0}, {"amp_hours": 0.0, "watt_hours": 0.0}], "collection_time": 1727287794.519033}
{"volts": 5.08, "amps": 0.936, "watts": 4.754, "temp_c": 26, "temp_f": 79, "data_group_selected": 0, "data_line_positive_volts": 0.95, "data_line_negative_volts": 0.94, "charging_mode": 0, "record_amphours": 1.098, "record_watthours": 5.551, "record_threshold": 0.17, "record_seconds": 6722, "recording": true, "screen_timeout": 1, "screen_brightness": 4, "resistance": 5.4, "screen_selected": 0, "data_groups": [{"amp_hours": 1.098, "watt_hours": 5.551}, {"amp_hours": 27.019, "watt_hours": 99.999}, {"amp_hours": 0.032, "watt_hours": 0.167}, {"amp_hours": 0.0, "watt_hours": 0.0}, {"amp_hours": 13.76, "watt_hours": 69.396}, {"amp_hours": 0.0, "watt_hours": 0.0}, {"amp_hours": 0.0, "watt_hours": 0.0}, {"amp_hours": 0.0, "watt_hours": 0.0}, {"amp_hours": 0.0, "watt_hours": 0.0}, {"amp_hours": 0.0, "watt_hours": 0.0}], "collection_time": 1727287799.711385}
{"volts": 5.07, "amps": 0.944, "watts": 4.786, "temp_c": 26, "temp_f": 79, "data_group_selected": 0, "data_line_positive_volts": 0.94, "data_line_negative_volts": 0.93, "charging_mode": 0, "record_amphours": 1.1, "record_watthours": 5.557, "record_threshold": 0.17, "record_seconds": 6727, "recording": true, "screen_timeout": 1, "screen_brightness": 4, "resistance": 5.3, "screen_selected": 0, "data_groups": [{"amp_hours": 1.1, "watt_hours": 5.557}, {"amp_hours": 27.019, "watt_hours": 99.999}, {"amp_hours": 0.032, "watt_hours": 0.167}, {"amp_hours": 0.0, "watt_hours": 0.0}, {"amp_hours": 13.76, "watt_hours": 69.396}, {"amp_hours": 0.0, "watt_hours": 0.0}, {"amp_hours": 0.0, "watt_hours": 0.0}, {"amp_hours": 0.0, "watt_hours": 0.0}, {"amp_hours": 0.0, "watt_hours": 0.0}, {"amp_hours": 0.0, "watt_hours": 0.0}], "collection_time": 1727287804.911191}
{"volts": 5.07, "amps": 0.797, "watts": 4.04, "temp_c": 26, "temp_f": 79, "data_group_selected": 0, "data_line_positive_volts": 0.9, "data_line_negative_volts": 0.89, "charging_mode": 0, "record_amphours": 1.101, "record_watthours": 5.564, "record_threshold": 0.17, "record_seconds": 6732, "recording": true, "screen_timeout": 1, "screen_brightness": 4, "resistance": 6.3, "screen_selected": 0, "data_groups": [{"amp_hours": 1.101, "watt_hours": 5.564}, {"amp_hours": 27.019, "watt_hours": 99.999}, {"amp_hours": 0.032, "watt_hours": 0.167}, {"amp_hours": 0.0, "watt_hours": 0.0}, {"amp_hours": 13.76, "watt_hours": 69.396}, {"amp_hours": 0.0, "watt_hours": 0.0}, {"amp_hours": 0.0, "watt_hours": 0.0}, {"amp_hours": 0.0, "watt_hours": 0.0}, {"amp_hours": 0.0, "watt_hours": 0.0}, {"amp_hours": 0.0, "watt_hours": 0.0}], "collection_time": 1727287810.123252}
{"volts": 5.07, "amps": 0.907, "watts": 4.598, "temp_c": 26, "temp_f": 79, "data_group_selected": 0, "data_line_positive_volts": 0.95, "data_line_negative_volts": 0.94, "charging_mode": 0, "record_amphours": 1.102, "record_watthours": 5.57, "record_threshold": 0.17, "record_seconds": 6737, "recording": true, "screen_timeout": 1, "screen_brightness": 4, "resistance": 5.5, "screen_selected": 0, "data_groups": [{"amp_hours": 1.102, "watt_hours": 5.57}, {"amp_hours": 27.019, "watt_hours": 99.999}, {"amp_hours": 0.032, "watt_hours": 0.167}, {"amp_hours": 0.0, "watt_hours": 0.0}, {"amp_hours": 13.76, "watt_hours": 69.396}, {"amp_hours": 0.0, "watt_hours": 0.0}, {"amp_hours": 0.0, "watt_hours": 0.0}, {"amp_hours": 0.0, "watt_hours": 0.0}, {"amp_hours": 0.0, "watt_hours": 0.0}, {"amp_hours": 0.0, "watt_hours": 0.0}], "collection_time": 1727287815.307384}
{"volts": 5.08, "amps": 0.956, "watts": 4.856, "temp_c": 26, "temp_f": 79, "data_group_selected": 0, "data_line_positive_volts": 0.94, "data_line_negative_volts": 0.93, "charging_mode": 0, "record_amphours": 1.104, "record_watthours": 5.577, "record_threshold": 0.17, "record_seconds": 6743, "recording": true, "screen_timeout": 1, "screen_brightness": 4, "resistance": 5.3, "screen_selected": 0, "data_groups": [{"amp_hours": 1.104, "watt_hours": 5.577}, {"amp_hours": 27.019, "watt_hours": 99.999}, {"amp_hours": 0.032, "watt_hours": 0.167}, {"amp_hours": 0.0, "watt_hours": 0.0}, {"amp_hours": 13.76, "watt_hours": 69.396}, {"amp_hours": 0.0, "watt_hours": 0.0}, {"amp_hours": 0.0, "watt_hours": 0.0}, {"amp_hours": 0.0, "watt_hours": 0.0}, {"amp_hours": 0.0, "watt_hours": 0.0}, {"amp_hours": 0.0, "watt_hours": 0.0}], "collection_time": 1727287820.523365}
{"volts": 5.07, "amps": 0.909, "watts": 4.608, "temp_c": 26, "temp_f": 79, "data_group_selected": 0, "data_line_positive_volts": 0.94, "data_line_negative_volts": 0.93, "charging_mode": 0, "record_amphours": 1.105, "record_watthours": 5.583, "record_threshold": 0.17, "record_seconds": 6748, "recording": true, "screen_timeout": 1, "screen_brightness": 4, "resistance": 5.5, "screen_selected": 0, "data_groups": [{"amp_hours": 1.105, "watt_hours": 5.583}, {"amp_hours": 27.019, "watt_hours": 99.999}, {"amp_hours": 0.032, "watt_hours": 0.167}, {"amp_hours": 0.0, "watt_hours": 0.0}, {"amp_hours": 13.76, "watt_hours": 69.396}, {"amp_hours": 0.0, "watt_hours": 0.0}, {"amp_hours": 0.0, "watt_hours": 0.0}, {"amp_hours": 0.0, "watt_hours": 0.0}, {"amp_hours": 0.0, "watt_hours": 0.0}, {"amp_hours": 0.0, "watt_hours": 0.0}], "collection_time": 1727287825.70734}
{"volts": 5.07, "amps": 0.916, "watts": 4.644, "temp_c": 26, "temp_f": 79, "data_group_selected": 0, "data_line_positive_volts": 0.93, "data_line_negative_volts": 0.92, "charging_mode": 0, "record_amphours": 1.106, "record_watthours": 5.589, "record_threshold": 0.17, "record_seconds": 6753, "recording": true, "screen_timeout": 1, "screen_brightness": 4, "resistance": 5.5, "screen_selected": 0, "data_groups": [{"amp_hours": 1.106, "watt_hours": 5.589}, {"amp_hours": 27.019, "watt_hours": 99.999}, {"amp_hours": 0.032, "watt_hours": 0.167}, {"amp_hours": 0.0, "watt_hours": 0.0}, {"amp_hours": 13.76, "watt_hours": 69.396}, {"amp_hours": 0.0, "watt_hours": 0.0}, {"amp_hours": 0.0, "watt_hours": 0.0}, {"amp_hours": 0.0, "watt_hours": 0.0}, {"amp_hours": 0.0, "watt_hours": 0.0}, {"amp_hours": 0.0, "watt_hours": 0.0}], "collection_time": 1727287830.923226}
