{"volts": 5.02, "amps": 0.428, "watts": 2.148, "temp_c": 26, "temp_f": 79, "data_group_selected": 4, "data_line_positive_volts": 1.0, "data_line_negative_volts": 0.98, "charging_mode": 0, "record_amphours": 0.114, "record_watthours": 0.581, "record_threshold": 0.17, "record_seconds": 609, "recording": true, "screen_timeout": 1, "screen_brightness": 4, "resistance": 11.7, "screen_selected": 0, "data_groups": [{"amp_hours": 1.884, "watt_hours": 9.245}, {"amp_hours": 27.019, "watt_hours": 99.999}, {"amp_hours": 0.032, "watt_hours": 0.167}, {"amp_hours": 0.0, "watt_hours": 0.0}, {"amp_hours": 0.114, "watt_hours": 0.581}, {"amp_hours": 0.0, "watt_hours": 0.0}, {"amp_hours": 0.0, "watt_hours": 0.0}, {"amp_hours": 0.0, "watt_hours": 0.0}, {"amp_hours": 0.0, "watt_hours": 0.0}, {"amp_hours": 0.0, "watt_hours": 0.0}], "collection_time": 1726750116.912587}
{"volts": 5.08, "amps": 1.001, "watts": 5.085, "temp_c": 26, "temp_f": 79, "data_group_selected": 4, "data_line_positive_volts": 0.99, "data_line_negative_volts": 0.98, "charging_mode": 0, "record_amphours": 0.116, "record_watthours": 0.588, "record_threshold": 0.17, "record_seconds": 614, "recording": true, "screen_timeout": 1, "screen_brightness": 4, "resistance": 5.0, "screen_selected": 0, "data_groups": [{"amp_hours": 1.884, "watt_hours": 9.245}, {"amp_hours": 27.019, "watt_hours": 99.999}, {"amp_hours": 0.032, "watt_hours": 0.167}, {"amp_hours": 0.0, "watt_hours": 0.0}, {"amp_hours": 0.116, "watt_hours": 0.588}, {"amp_hours": 0.0, "watt_hours": 0.0}, {"amp_hours": 0.0, "watt_hours": 0.0}, {"amp_hours": 0.0, "watt_hours": 0.0}, {"amp_hours": 0.0, "watt_hours": 0.0}, {"amp_hours": 0.0, "watt_hours": 0.0}], "collection_time": 1726750122.12455}
{"volts": 5.08, "amps": 1.008, "watts": 5.12, "temp_c": 26, "temp_f": 79, "data_group_selected": 4, "data_line_positive_volts": 0.99, "data_line_negative_volts": 0.98, "charging_mode": 0, "record_amphours": 0.117, "record_watthours": 0.595, "record_threshold": 0.17, "record_seconds": 619, "recording": true, "screen_timeout": 1, "screen_brightness": 4, "resistance": 5.0, "screen_selected": 0, "data_groups": [{"amp_hours": 1.884, "watt_hours": 9.245}, {"amp_hours": 27.019, "watt_hours": 99.999}, {"amp_hours": 0.032, "watt_hours": 0.167}, {"amp_hours": 0.0, "watt_hours": 0.0}, {"amp_hours": 0.117, "watt_hours": 0.595}, {"amp_hours": 0.0, "watt_hours": 0.0}, {"amp_hours": 0.0, "watt_hours": 0.0}, {"amp_hours": 0.0, "watt_hours": 0.0}, {"amp_hours": 0.0, "watt_hours": 0.0}, {"amp_hours": 0.0, "watt_hours": 0.0}], "collection_time": 1726750127.308513}
{"volts": 5.08, "amps": 1.015, "watts": 5.156, "temp_c": 26, "temp_f": 79, "data_group_selected": 4, "data_line_positive_volts": 0.97, "data_line_negative_volts": 0.96, "charging_mode": 0, "record_amphours": 0.119, "record_watthours": 0.602, "record_threshold": 0.17, "record_seconds": 624, "recording": true, "screen_timeout": 1, "screen_brightness": 4, "resistance": 5.0, "screen_selected": 0, "data_groups": [{"amp_hours": 1.884, "watt_hours": 9.245}, {"amp_hours": 27.019, "watt_hours": 99.999}, {"amp_hours": 0.032, "watt_hours": 0.167}, {"amp_hours": 0.0, "watt_hours": 0.0}, {"amp_hours": 0.119, "watt_hours": 0.602}, {"amp_hours": 0.0, "watt_hours": 0.0}, {"amp_hours": 0.0, "watt_hours": 0.0}, {"amp_hours": 0.0, "watt_hours": 0.0}, {"amp_hours": 0.0, "watt_hours": 0.0}, {"amp_hours": 0.0, "watt_hours": 0.0}], "collection_time": 1726750132.520481}
{"volts": 5.08, "amps": 1.016, "watts": 5.161, "temp_c": 26, "temp_f": 79, "data_group_selected": 4, "data_line_positive_volts": 0.98, "data_line_negative_volts": 0.96, "charging_mode": 0, "record_amphours": 0.12, "record_watthours": 0.609, "record_threshold": 0.17, "record_seconds": 629, "recording": true, "screen_timeout": 1, "screen_brightness": 4, "resistance": 5.0, "screen_selected": 0, "data_groups": [{"amp_hours": 1.884, "watt_hours": 9.245}, {"amp_hours": 27.019, "watt_hours": 99.999}, {"amp_hours": 0.032, "watt_hours": 0.167}, {"amp_hours": 0.0, "watt_hours": 0.0}, {"amp_hours": 0.12, "watt_hours": 0.609}, {"amp_hours": 0.0, "watt_hours": 0.0}, {"amp_hours": 0.0, "watt_hours": 0.0}, {"amp_hours": 0.0, "watt_hours": 0.0}, {"amp_hours": 0.0, "watt_hours": 0.0}, {"amp_hours": 0.0, "watt_hours": 0.0}], "collection_time": 1726750137.712634}
{"volts": 5.08, "amps": 1.021, "watts": 5.186, "temp_c": 26, "temp_f": 79, "data_group_selected": 4, "data_line_positive_volts": 0.97, "data_line_negative_volts": 0.95, "charging_mode": 0, "record_amphours": 0.122, "record_watthours": 0.618, "record_threshold": 0.17, "record_seconds": 635, "recording": true, "screen_timeout": 1, "screen_brightness": 4, "resistance": 4.9, "screen_selected": 0, "data_groups": [{"amp_hours": 1.884, "watt_hours": 9.245}, {"amp_hours": 27.019, "watt_hours": 99.999}, {"amp_hours": 0.032, "watt_hours": 0.167}, {"amp_hours": 0.0, "watt_hours": 0.0}, {"amp_hours": 0.122, "watt_hours": 0.618}, {"amp_hours": 0.0, "watt_hours": 0.0}, {"amp_hours": 0.0, "watt_hours": 0.0}, {"amp_hours": 0.0, "watt_hours": 0.0}, {"amp_hours": 0.0, "watt_hours": 0.0}, {"amp_hours": 0.0, "watt_hours": 0.0}], "collection_time": 1726750142.904572}
{"volts": 5.08, "amps": 1.028, "watts": 5.222, "temp_c": 26, "temp_f": 79, "data_group_selected": 4, "data_line_positive_volts": 0.97, "data_line_negative_volts": 0.96, "charging_mode": 0, "record_amphours": 0.123, "record_watthours": 0.625, "record_threshold": 0.17, "record_seconds": 640, "recording": true, "screen_timeout": 1, "screen_brightness": 4, "resistance": 4.9, "screen_selected": 0, "data_groups": [{"amp_hours": 1.884, "watt_hours": 9.245}, {"amp_hours": 27.019, "watt_hours": 99.999}, {"amp_hours": 0.032, "watt_hours": 0.167}, {"amp_hours": 0.0, "watt_hours": 0.0}, {"amp_hours": 0.123, "watt_hours": 0.625}, {"amp_hours": 0.0, "watt_hours": 0.0}, {"amp_hours": 0.0, "watt_hours": 0.0}, {"amp_hours": 0.0, "watt_hours": 0.0}, {"amp_hours": 0.0, "watt_hours": 0.0}, {"amp_hours": 0.0, "watt_hours": 0.0}], "collection_time": 1726750148.10474}
{"volts": 5.08, "amps": 1.039, "watts": 5.278, "temp_c": 26, "temp_f": 79, "data_group_selected": 4, "data_line_positive_volts": 0.96, "data_line_negative_volts": 0.95, "charging_mode": 0, "record_amphours": 0.125, "record_watthours": 0.632, "record_threshold": 0.17, "record_seconds": 645, "recording": true, "screen_timeout": 1, "screen_brightness": 4, "resistance": 4.8, "screen_selected": 0, "data_groups": [{"amp_hours": 1.884, "watt_hours": 9.245}, {"amp_hours": 27.019, "watt_hours": 99.999}, {"amp_hours": 0.032, "watt_hours": 0.167}, {"amp_hours": 0.0, "watt_hours": 0.0}, {"amp_hours": 0.125, "watt_hours": 0.632}, {"amp_hours": 0.0, "watt_hours": 0.0}, {"amp_hours": 0.0, "watt_hours": 0.0}, {"amp_hours": 0.0, "watt_hours": 0.0}, {"amp_hours": 0.0, "watt_hours": 0.0}, {"amp_hours": 0.0, "watt_hours": 0.0}], "collection_time": 1726750153.307983}
{"volts": 5.08, "amps": 1.035, "watts": 5.257, "temp_c": 26, "temp_f": 79, "data_group_selected": 4, "data_line_positive_volts": 0.96, "data_line_negative_volts": 0.95, "charging_mode": 0, "record_amphours": 0.126, "record_watthours": 0.64, "record_threshold": 0.17, "record_seconds": 650, "recording": true, "screen_timeout": 1, "screen_brightness": 4, "resistance": 4.9, "screen_selected": 0, "data_groups": [{"amp_hours": 1.884, "watt_hours": 9.245}, {"amp_hours": 27.019, "watt_hours": 99.999}, {"amp_hours": 0.032, "watt_hours": 0.167}, {"amp_hours": 0.0, "watt_hours": 0.0}, {"amp_hours": 0.126, "watt_hours": 0.64}, {"amp_hours": 0.0, "watt_hours": 0.0}, {"amp_hours": 0.0, "watt_hours": 0.0}, {"amp_hours": 0.0, "watt_hours": 0.0}, {"amp_hours": 0.0, "watt_hours": 0.0}, {"amp_hours": 0.0, "watt_hours": 0.0}], "collection_time": 1726750158.524629}
