{"volts": 5.02, "amps": 0.449, "watts": 2.253, "temp_c": 26, "temp_f": 80, "data_group_selected": 4, "data_line_positive_volts": 0.99, "data_line_negative_volts": 0.98, "charging_mode": 0, "record_amphours": 0.408, "record_watthours": 2.06, "record_threshold": 0.17, "record_seconds": 2404, "recording": true, "screen_timeout": 1, "screen_brightness": 4, "resistance": 11.1, "screen_selected": 0, "data_groups": [{"amp_hours": 1.884, "watt_hours": 9.245}, {"amp_hours": 27.019, "watt_hours": 99.999}, {"amp_hours": 0.032, "watt_hours": 0.167}, {"amp_hours": 0.0, "watt_hours": 0.0}, {"amp_hours": 0.408, "watt_hours": 2.06}, {"amp_hours": 0.0, "watt_hours": 0.0}, {"amp_hours": 0.0, "watt_hours": 0.0}, {"amp_hours": 0.0, "watt_hours": 0.0}, {"amp_hours": 0.0, "watt_hours": 0.0}, {"amp_hours": 0.0, "watt_hours": 0.0}], "collection_time": 1726751910.836517}
{"volts": 5.05, "amps": 0.652, "watts": 3.292, "temp_c": 26, "temp_f": 80, "data_group_selected": 4, "data_line_positive_volts": 1.0, "data_line_negative_volts": 0.98, "charging_mode": 0, "record_amphours": 0.408, "record_watthours": 2.064, "record_threshold": 0.17, "record_seconds": 2409, "recording": true, "screen_timeout": 1, "screen_brightness": 4, "resistance": 7.7, "screen_selected": 0, "data_groups": [{"amp_hours": 1.884, "watt_hours": 9.245}, {"amp_hours": 27.019, "watt_hours": 99.999}, {"amp_hours": 0.032, "watt_hours": 0.167}, {"amp_hours": 0.0, "watt_hours": 0.0}, {"amp_hours": 0.408, "watt_hours": 2.064}, {"amp_hours": 0.0, "watt_hours": 0.0}, {"amp_hours": 0.0, "watt_hours": 0.0}, {"amp_hours": 0.0, "watt_hours": 0.0}, {"amp_hours": 0.0, "watt_hours": 0.0}, {"amp_hours": 0.0, "watt_hours": 0.0}], "collection_time": 1726751916.048559}
{"volts": 5.05, "amps": 0.715, "watts": 3.61, "temp_c": 26, "temp_f": 80, "data_group_selected": 4, "data_line_positive_volts": 1.0, "data_line_negative_volts": 0.98, "charging_mode": 0, "record_amphours": 0.41, "record_watthours": 2.07, "record_threshold": 0.17, "record_seconds": 2415, "recording": true, "screen_timeout": 1, "screen_brightness": 4, "resistance": 7.0, "screen_selected": 0, "data_groups": [{"amp_hours": 1.884, "watt_hours": 9.245}, {"amp_hours": 27.019, "watt_hours": 99.999}, {"amp_hours": 0.032, "watt_hours": 0.167}, {"amp_hours": 0.0, "watt_hours": 0.0}, {"amp_hours": 0.41, "watt_hours": 2.07}, {"amp_hours": 0.0, "watt_hours": 0.0}, {"amp_hours": 0.0, "watt_hours": 0.0}, {"amp_hours": 0.0, "watt_hours": 0.0}, {"amp_hours": 0.0, "watt_hours": 0.0}, {"amp_hours": 0.0, "watt_hours": 0.0}], "collection_time": 1726751921.240664}
{"volts": 5.05, "amps": 0.716, "watts": 3.615, "temp_c": 26, "temp_f": 80, "data_group_selected": 4, "data_line_positive_volts": 0.99, "data_line_negative_volts": 0.98, "charging_mode": 0, "record_amphours": 0.411, "record_watthours": 2.075, "record_threshold": 0.17, "record_seconds": 2420, "recording": true, "screen_timeout": 1, "screen_brightness": 4, "resistance": 7.0, "screen_selected": 0, "data_groups": [{"amp_hours": 1.884, "watt_hours": 9.245}, {"amp_hours": 27.019, "watt_hours": 99.999}, {"amp_hours": 0.032, "watt_hours": 0.167}, {"amp_hours": 0.0, "watt_hours": 0.0}, {"amp_hours": 0.411, "watt_hours": 2.075}, {"amp_hours": 0.0, "watt_hours": 0.0}, {"amp_hours": 0.0, "watt_hours": 0.0}, {"amp_hours": 0.0, "watt_hours": 0.0}, {"amp_hours": 0.0, "watt_hours": 0.0}, {"amp_hours": 0.0, "watt_hours": 0.0}], "collection_time": 1726751926.416632}
{"volts": 5.05, "amps": 0.72, "watts": 3.636, "temp_c": 26, "temp_f": 80, "data_group_selected": 4, "data_line_positive_volts": 0.99, "data_line_negative_volts": 0.98, "charging_mode": 0, "record_amphours": 0.412, "record_watthours": 2.08, "record_threshold": 0.17, "record_seconds": 2425, "recording": true, "screen_timeout": 1, "screen_brightness": 4, "resistance": 7.0, "screen_selected": 0, "data_groups": [{"amp_hours": 1.884, "watt_hours": 9.245}, {"amp_hours": 27.019, "watt_hours": 99.999}, {"amp_hours": 0.032, "watt_hours": 0.167}, {"amp_hours": 0.0, "watt_hours": 0.0}, {"amp_hours": 0.412, "watt_hours": 2.08}, {"amp_hours": 0.0, "watt_hours": 0.0}, {"amp_hours": 0.0, "watt_hours": 0.0}, {"amp_hours": 0.0, "watt_hours": 0.0}, {"amp_hours": 0.0, "watt_hours": 0.0}, {"amp_hours": 0.0, "watt_hours": 0.0}], "collection_time": 1726751931.628457}
{"volts": 5.05, "amps": 0.71, "watts": 3.585, "temp_c": 26, "temp_f": 80, "data_group_selected": 4, "data_line_positive_volts": 0.99, "data_line_negative_volts": 0.97, "charging_mode": 0, "record_amphours": 0.413, "record_watthours": 2.085, "record_threshold": 0.17, "record_seconds": 2430, "recording": true, "screen_timeout": 1, "screen_brightness": 4, "resistance": 7.1, "screen_selected": 0, "data_groups": [{"amp_hours": 1.884, "watt_hours": 9.245}, {"amp_hours": 27.019, "watt_hours": 99.999}, {"amp_hours": 0.032, "watt_hours": 0.167}, {"amp_hours": 0.0, "watt_hours": 0.0}, {"amp_hours": 0.413, "watt_hours": 2.085}, {"amp_hours": 0.0, "watt_hours": 0.0}, {"amp_hours": 0.0, "watt_hours": 0.0}, {"amp_hours": 0.0, "watt_hours": 0.0}, {"amp_hours": 0.0, "watt_hours": 0.0}, {"amp_hours": 0.0, "watt_hours": 0.0}], "collection_time": 1726751936.808546}
{"volts": 5.05, "amps": 0.72, "watts": 3.636, "temp_c": 26, "temp_f": 80, "data_group_selected": 4, "data_line_positive_volts": 0.98, "data_line_negative_volts": 0.97, "charging_mode": 0, "record_amphours": 0.414, "record_watthours": 2.09, "record_threshold": 0.17, "record_seconds": 2435, "recording": true, "screen_timeout": 1, "screen_brightness": 4, "resistance": 7.0, "screen_selected": 0, "data_groups": [{"amp_hours": 1.884, "watt_hours": 9.245}, {"amp_hours": 27.019, "watt_hours": 99.999}, {"amp_hours": 0.032, "watt_hours": 0.167}, {"amp_hours": 0.0, "watt_hours": 0.0}, {"amp_hours": 0.414, "watt_hours": 2.09}, {"amp_hours": 0.0, "watt_hours": 0.0}, {"amp_hours": 0.0, "watt_hours": 0.0}, {"amp_hours": 0.0, "watt_hours": 0.0}, {"amp_hours": 0.0, "watt_hours": 0.0}, {"amp_hours": 0.0, "watt_hours": 0.0}], "collection_time": 1726751942.020496}
{"volts": 5.05, "amps": 0.729, "watts": 3.681, "temp_c": 26, "temp_f": 80, "data_group_selected": 4, "data_line_positive_volts": 0.98, "data_line_negative_volts": 0.97, "charging_mode": 0, "record_amphours": 0.415, "record_watthours": 2.096, "record_threshold": 0.17, "record_seconds": 2441, "recording": true, "screen_timeout": 1, "screen_brightness": 4, "resistance": 6.9, "screen_selected": 0, "data_groups": [{"amp_hours": 1.884, "watt_hours": 9.245}, {"amp_hours": 27.019, "watt_hours": 99.999}, {"amp_hours": 0.032, "watt_hours": 0.167}, {"amp_hours": 0.0, "watt_hours": 0.0}, {"amp_hours": 0.415, "watt_hours": 2.096}, {"amp_hours": 0.0, "watt_hours": 0.0}, {"amp_hours": 0.0, "watt_hours": 0.0}, {"amp_hours": 0.0, "watt_hours": 0.0}, {"amp_hours": 0.0, "watt_hours": 0.0}, {"amp_hours": 0.0, "watt_hours": 0.0}], "collection_time": 1726751947.208724}
{"volts": 5.05, "amps": 0.724, "watts": 3.656, "temp_c": 26, "temp_f": 80, "data_group_selected": 4, "data_line_positive_volts": 0.98, "data_line_negative_volts": 0.97, "charging_mode": 0, "record_amphours": 0.416, "record_watthours": 2.102, "record_threshold": 0.17, "record_seconds": 2446, "recording": true, "screen_timeout": 1, "screen_brightness": 4, "resistance": 6.9, "screen_selected": 0, "data_groups": [{"amp_hours": 1.884, "watt_hours": 9.245}, {"amp_hours": 27.019, "watt_hours": 99.999}, {"amp_hours": 0.032, "watt_hours": 0.167}, {"amp_hours": 0.0, "watt_hours": 0.0}, {"amp_hours": 0.416, "watt_hours": 2.102}, {"amp_hours": 0.0, "watt_hours": 0.0}, {"amp_hours": 0.0, "watt_hours": 0.0}, {"amp_hours": 0.0, "watt_hours": 0.0}, {"amp_hours": 0.0, "watt_hours": 0.0}, {"amp_hours": 0.0, "watt_hours": 0.0}], "collection_time": 1726751952.392583}
