{"volts": 5.05, "amps": 0.563, "watts": 2.843, "temp_c": 26, "temp_f": 79, "data_group_selected": 4, "data_line_positive_volts": 0.99, "data_line_negative_volts": 0.98, "charging_mode": 0, "record_amphours": 2.817, "record_watthours": 14.211, "record_threshold": 0.17, "record_seconds": 20013, "recording": true, "screen_timeout": 1, "screen_brightness": 4, "resistance": 8.9, "screen_selected": 0, "data_groups": [{"amp_hours": 1.884, "watt_hours": 9.245}, {"amp_hours": 27.019, "watt_hours": 99.999}, {"amp_hours": 0.032, "watt_hours": 0.167}, {"amp_hours": 0.0, "watt_hours": 0.0}, {"amp_hours": 6.016, "watt_hours": 30.346}, {"amp_hours": 0.0, "watt_hours": 0.0}, {"amp_hours": 0.0, "watt_hours": 0.0}, {"amp_hours": 0.0, "watt_hours": 0.0}, {"amp_hours": 0.0, "watt_hours": 0.0}, {"amp_hours": 0.0, "watt_hours": 0.0}], "collection_time": 1727199503.161934}
{"volts": 5.09, "amps": 1.007, "watts": 5.125, "temp_c": 26, "temp_f": 79, "data_group_selected": 4, "data_line_positive_volts": 1.0, "data_line_negative_volts": 0.98, "charging_mode": 0, "record_amphours": 2.818, "record_watthours": 14.218, "record_threshold": 0.17, "record_seconds": 20018, "recording": true, "screen_timeout": 1, "screen_brightness": 4, "resistance": 5.0, "screen_selected": 0, "data_groups": [{"amp_hours": 1.884, "watt_hours": 9.245}, {"amp_hours": 27.019, "watt_hours": 99.999}, {"amp_hours": 0.032, "watt_hours": 0.167}, {"amp_hours": 0.0, "watt_hours": 0.0}, {"amp_hours": 6.017, "watt_hours": 30.353}, {"amp_hours": 0.0, "watt_hours": 0.0}, {"amp_hours": 0.0, "watt_hours": 0.0}, {"amp_hours": 0.0, "watt_hours": 0.0}, {"amp_hours": 0.0, "watt_hours": 0.0}, {"amp_hours": 0.0, "watt_hours": 0.0}], "collection_time": 1727199508.337833}
{"volts": 5.1, "amps": 1.078, "watts": 5.497, "temp_c": 26, "temp_f": 80, "data_group_selected": 4, "data_line_positive_volts": 0.98, "data_line_negative_volts": 0.97, "charging_mode": 0, "record_amphours": 2.82, "record_watthours": 14.226, "record_threshold": 0.17, "record_seconds": 20023, "recording": true, "screen_timeout": 1, "screen_brightness": 4, "resistance": 4.7, "screen_selected": 0, "data_groups": [{"amp_hours": 1.884, "watt_hours": 9.245}, {"amp_hours": 27.019, "watt_hours": 99.999}, {"amp_hours": 0.032, "watt_hours": 0.167}, {"amp_hours": 0.0, "watt_hours": 0.0}, {"amp_hours": 6.019, "watt_hours": 30.361}, {"amp_hours": 0.0, "watt_hours": 0.0}, {"amp_hours": 0.0, "watt_hours": 0.0}, {"amp_hours": 0.0, "watt_hours": 0.0}, {"amp_hours": 0.0, "watt_hours": 0.0}, {"amp_hours": 0.0, "watt_hours": 0.0}], "collection_time": 1727199513.55392}
{"volts": 5.09, "amps": 1.027, "watts": 5.227, "temp_c": 26, "temp_f": 80, "data_group_selected": 4, "data_line_positive_volts": 0.98, "data_line_negative_volts": 0.97, "charging_mode": 0, "record_amphours": 2.821, "record_watthours": 14.233, "record_threshold": 0.17, "record_seconds": 20028, "recording": true, "screen_timeout": 1, "screen_brightness": 4, "resistance": 4.9, "screen_selected": 0, "data_groups": [{"amp_hours": 1.884, "watt_hours": 9.245}, {"amp_hours": 27.019, "watt_hours": 99.999}, {"amp_hours": 0.032, "watt_hours": 0.167}, {"amp_hours": 0.0, "watt_hours": 0.0}, {"amp_hours": 6.02, "watt_hours": 30.368}, {"amp_hours": 0.0, "watt_hours": 0.0}, {"amp_hours": 0.0, "watt_hours": 0.0}, {"amp_hours": 0.0, "watt_hours": 0.0}, {"amp_hours": 0.0, "watt_hours": 0.0}, {"amp_hours": 0.0, "watt_hours": 0.0}], "collection_time": 1727199518.73796}
{"volts": 5.09, "amps": 1.029, "watts": 5.237, "temp_c": 26, "temp_f": 80, "data_group_selected": 4, "data_line_positive_volts": 0.97, "data_line_negative_volts": 0.96, "charging_mode": 0, "record_amphours": 2.823, "record_watthours": 14.24, "record_threshold": 0.17, "record_seconds": 20033, "recording": true, "screen_timeout": 1, "screen_brightness": 4, "resistance": 4.9, "screen_selected": 0, "data_groups": [{"amp_hours": 1.884, "watt_hours": 9.245}, {"amp_hours": 27.019, "watt_hours": 99.999}, {"amp_hours": 0.032, "watt_hours": 0.167}, {"amp_hours": 0.0, "watt_hours": 0.0}, {"amp_hours": 6.022, "watt_hours": 30.375}, {"amp_hours": 0.0, "watt_hours": 0.0}, {"amp_hours": 0.0, "watt_hours": 0.0}, {"amp_hours": 0.0, "watt_hours": 0.0}, {"amp_hours": 0.0, "watt_hours": 0.0}, {"amp_hours": 0.0, "watt_hours": 0.0}], "collection_time": 1727199523.949891}
{"volts": 5.09, "amps": 1.036, "watts": 5.273, "temp_c": 26, "temp_f": 80, "data_group_selected": 4, "data_line_positive_volts": 0.97, "data_line_negative_volts": 0.96, "charging_mode": 0, "record_amphours": 2.824, "record_watthours": 14.249, "record_threshold": 0.17, "record_seconds": 20039, "recording": true, "screen_timeout": 1, "screen_brightness": 4, "resistance": 4.9, "screen_selected": 0, "data_groups": [{"amp_hours": 1.884, "watt_hours": 9.245}, {"amp_hours": 27.019, "watt_hours": 99.999}, {"amp_hours": 0.032, "watt_hours": 0.167}, {"amp_hours": 0.0, "watt_hours": 0.0}, {"amp_hours": 6.023, "watt_hours": 30.384}, {"amp_hours": 0.0, "watt_hours": 0.0}, {"amp_hours": 0.0, "watt_hours": 0.0}, {"amp_hours": 0.0, "watt_hours": 0.0}, {"amp_hours": 0.0, "watt_hours": 0.0}, {"amp_hours": 0.0, "watt_hours": 0.0}], "collection_time": 1727199529.133914}
{"volts": 5.09, "amps": 1.034, "watts": 5.263, "temp_c": 26, "temp_f": 80, "data_group_selected": 4, "data_line_positive_volts": 0.97, "data_line_negative_volts": 0.95, "charging_mode": 0, "record_amphours": 2.826, "record_watthours": 14.256, "record_threshold": 0.17, "record_seconds": 20044, "recording": true, "screen_timeout": 1, "screen_brightness": 4, "resistance": 4.9, "screen_selected": 0, "data_groups": [{"amp_hours": 1.884, "watt_hours": 9.245}, {"amp_hours": 27.019, "watt_hours": 99.999}, {"amp_hours": 0.032, "watt_hours": 0.167}, {"amp_hours": 0.0, "watt_hours": 0.0}, {"amp_hours": 6.025, "watt_hours": 30.391}, {"amp_hours": 0.0, "watt_hours": 0.0}, {"amp_hours": 0.0, "watt_hours": 0.0}, {"amp_hours": 0.0, "watt_hours": 0.0}, {"amp_hours": 0.0, "watt_hours": 0.0}, {"amp_hours": 0.0, "watt_hours": 0.0}], "collection_time": 1727199534.345935}
{"volts": 5.1, "amps": 1.07, "watts": 5.457, "temp_c": 26, "temp_f": 80, "data_group_selected": 4, "data_line_positive_volts": 0.96, "data_line_negative_volts": 0.95, "charging_mode": 0, "record_amphours": 2.827, "record_watthours": 14.264, "record_threshold": 0.17, "record_seconds": 20049, "recording": true, "screen_timeout": 1, "screen_brightness": 4, "resistance": 4.7, "screen_selected": 0, "data_groups": [{"amp_hours": 1.884, "watt_hours": 9.245}, {"amp_hours": 27.019, "watt_hours": 99.999}, {"amp_hours": 0.032, "watt_hours": 0.167}, {"amp_hours": 0.0, "watt_hours": 0.0}, {"amp_hours": 6.026, "watt_hours": 30.399}, {"amp_hours": 0.0, "watt_hours": 0.0}, {"amp_hours": 0.0, "watt_hours": 0.0}, {"amp_hours": 0.0, "watt_hours": 0.0}, {"amp_hours": 0.0, "watt_hours": 0.0}, {"amp_hours": 0.0, "watt_hours": 0.0}], "collection_time": 1727199539.525859}
{"volts": 5.09, "amps": 0.966, "watts": 4.916, "temp_c": 26, "temp_f": 80, "data_group_selected": 4, "data_line_positive_volts": 0.96, "data_line_negative_volts": 0.95, "charging_mode": 0, "record_amphours": 2.829, "record_watthours": 14.271, "record_threshold": 0.17, "record_seconds": 20054, "recording": true, "screen_timeout": 1, "screen_brightness": 4, "resistance": 5.2, "screen_selected": 0, "data_groups": [{"amp_hours": 1.884, "watt_hours": 9.245}, {"amp_hours": 27.019, "watt_hours": 99.999}, {"amp_hours": 0.032, "watt_hours": 0.167}, {"amp_hours": 0.0, "watt_hours": 0.0}, {"amp_hours": 6.028, "watt_hours": 30.406}, {"amp_hours": 0.0, "watt_hours": 0.0}, {"amp_hours": 0.0, "watt_hours": 0.0}, {"amp_hours": 0.0, "watt_hours": 0.0}, {"amp_hours": 0.0, "watt_hours": 0.0}, {"amp_hours": 0.0, "watt_hours": 0.0}], "collection_time": 1727199544.741786}
