{"volts": 5.05, "amps": 0.533, "watts": 2.691, "temp_c": 27, "temp_f": 81, "data_group_selected": 4, "data_line_positive_volts": 0.98, "data_line_negative_volts": 0.97, "charging_mode": 0, "record_amphours": 2.882, "record_watthours": 14.544, "record_threshold": 0.17, "record_seconds": 20305, "recording": true, "screen_timeout": 1, "screen_brightness": 4, "resistance": 9.4, "screen_selected": 0, "data_groups": [{"amp_hours": 1.884, "watt_hours": 9.245}, {"amp_hours": 27.019, "watt_hours": 99.999}, {"amp_hours": 0.032, "watt_hours": 0.167}, {"amp_hours": 0.0, "watt_hours": 0.0}, {"amp_hours": 6.081, "watt_hours": 30.679}, {"amp_hours": 0.0, "watt_hours": 0.0}, {"amp_hours": 0.0, "watt_hours": 0.0}, {"amp_hours": 0.0, "watt_hours": 0.0}, {"amp_hours": 0.0, "watt_hours": 0.0}, {"amp_hours": 0.0, "watt_hours": 0.0}], "collection_time": 1727199795.453613}
{"volts": 5.09, "amps": 1.047, "watts": 5.329, "temp_c": 27, "temp_f": 81, "data_group_selected": 4, "data_line_positive_volts": 0.98, "data_line_negative_volts": 0.97, "charging_mode": 0, "record_amphours": 2.884, "record_watthours": 14.551, "record_threshold": 0.17, "record_seconds": 20310, "recording": true, "screen_timeout": 1, "screen_brightness": 4, "resistance": 4.8, "screen_selected": 0, "data_groups": [{"amp_hours": 1.884, "watt_hours": 9.245}, {"amp_hours": 27.019, "watt_hours": 99.999}, {"amp_hours": 0.032, "watt_hours": 0.167}, {"amp_hours": 0.0, "watt_hours": 0.0}, {"amp_hours": 6.083, "watt_hours": 30.686}, {"amp_hours": 0.0, "watt_hours": 0.0}, {"amp_hours": 0.0, "watt_hours": 0.0}, {"amp_hours": 0.0, "watt_hours": 0.0}, {"amp_hours": 0.0, "watt_hours": 0.0}, {"amp_hours": 0.0, "watt_hours": 0.0}], "collection_time": 1727199800.645966}
{"volts": 5.09, "amps": 1.004, "watts": 5.11, "temp_c": 27, "temp_f": 81, "data_group_selected": 4, "data_line_positive_volts": 0.96, "data_line_negative_volts": 0.95, "charging_mode": 0, "record_amphours": 2.886, "record_watthours": 14.56, "record_threshold": 0.17, "record_seconds": 20316, "recording": true, "screen_timeout": 1, "screen_brightness": 4, "resistance": 5.0, "screen_selected": 0, "data_groups": [{"amp_hours": 1.884, "watt_hours": 9.245}, {"amp_hours": 27.019, "watt_hours": 99.999}, {"amp_hours": 0.032, "watt_hours": 0.167}, {"amp_hours": 0.0, "watt_hours": 0.0}, {"amp_hours": 6.085, "watt_hours": 30.695}, {"amp_hours": 0.0, "watt_hours": 0.0}, {"amp_hours": 0.0, "watt_hours": 0.0}, {"amp_hours": 0.0, "watt_hours": 0.0}, {"amp_hours": 0.0, "watt_hours": 0.0}, {"amp_hours": 0.0, "watt_hours": 0.0}], "collection_time": 1727199805.861855}
{"volts": 5.09, "amps": 0.988, "watts": 5.028, "temp_c": 27, "temp_f": 81, "data_group_selected": 4, "data_line_positive_volts": 0.95, "data_line_negative_volts": 0.94, "charging_mode": 0, "record_amphours": 2.887, "record_watthours": 14.567, "record_threshold": 0.17, "record_seconds": 20321, "recording": true, "screen_timeout": 1, "screen_brightness": 4, "resistance": 5.1, "screen_selected": 0, "data_groups": [{"amp_hours": 1.884, "watt_hours": 9.245}, {"amp_hours": 27.019, "watt_hours": 99.999}, {"amp_hours": 0.032, "watt_hours": 0.167}, {"amp_hours": 0.0, "watt_hours": 0.0}, {"amp_hours": 6.086, "watt_hours": 30.702}, {"amp_hours": 0.0, "watt_hours": 0.0}, {"amp_hours": 0.0, "watt_hours": 0.0}, {"amp_hours": 0.0, "watt_hours": 0.0}, {"amp_hours": 0.0, "watt_hours": 0.0}, {"amp_hours": 0.0, "watt_hours": 0.0}], "collection_time": 1727199811.045529}
{"volts": 5.08, "amps": 0.952, "watts": 4.836, "temp_c": 27, "temp_f": 81, "data_group_selected": 4, "data_line_positive_volts": 0.95, "data_line_negative_volts": 0.94, "charging_mode": 0, "record_amphours": 2.888, "record_watthours": 14.574, "record_threshold": 0.17, "record_seconds": 20326, "recording": true, "screen_timeout": 1, "screen_brightness": 4, "resistance": 5.3, "screen_selected": 0, "data_groups": [{"amp_hours": 1.884, "watt_hours": 9.245}, {"amp_hours": 27.019, "watt_hours": 99.999}, {"amp_hours": 0.032, "watt_hours": 0.167}, {"amp_hours": 0.0, "watt_hours": 0.0}, {"amp_hours": 6.087, "watt_hours": 30.709}, {"amp_hours": 0.0, "watt_hours": 0.0}, {"amp_hours": 0.0, "watt_hours": 0.0}, {"amp_hours": 0.0, "watt_hours": 0.0}, {"amp_hours": 0.0, "watt_hours": 0.0}, {"amp_hours": 0.0, "watt_hours": 0.0}], "collection_time": 1727199816.261843}
{"volts": 5.08, "amps": 0.914, "watts": 4.643, "temp_c": 27, "temp_f": 81, "data_group_selected": 4, "data_line_positive_volts": 0.95, "data_line_negative_volts": 0.94, "charging_mode": 0, "record_amphours": 2.89, "record_watthours": 14.581, "record_threshold": 0.17, "record_seconds": 20331, "recording": true, "screen_timeout": 1, "screen_brightness": 4, "resistance": 5.5, "screen_selected": 0, "data_groups": [{"amp_hours": 1.884, "watt_hours": 9.245}, {"amp_hours": 27.019, "watt_hours": 99.999}, {"amp_hours": 0.032, "watt_hours": 0.167}, {"amp_hours": 0.0, "watt_hours": 0.0}, {"amp_hours": 6.089, "watt_hours": 30.716}, {"amp_hours": 0.0, "watt_hours": 0.0}, {"amp_hours": 0.0, "watt_hours": 0.0}, {"amp_hours": 0.0, "watt_hours": 0.0}, {"amp_hours": 0.0, "watt_hours": 0.0}, {"amp_hours": 0.0, "watt_hours": 0.0}], "collection_time": 1727199821.446039}
{"volts": 5.08, "amps": 0.915, "watts": 4.648, "temp_c": 27, "temp_f": 81, "data_group_selected": 4, "data_line_positive_volts": 0.95, "data_line_negative_volts": 0.94, "charging_mode": 0, "record_amphours": 2.891, "record_watthours": 14.588, "record_threshold": 0.17, "record_seconds": 20336, "recording": true, "screen_timeout": 1, "screen_brightness": 4, "resistance": 5.5, "screen_selected": 0, "data_groups": [{"amp_hours": 1.884, "watt_hours": 9.245}, {"amp_hours": 27.019, "watt_hours": 99.999}, {"amp_hours": 0.032, "watt_hours": 0.167}, {"amp_hours": 0.0, "watt_hours": 0.0}, {"amp_hours": 6.09, "watt_hours": 30.723}, {"amp_hours": 0.0, "watt_hours": 0.0}, {"amp_hours": 0.0, "watt_hours": 0.0}, {"amp_hours": 0.0, "watt_hours": 0.0}, {"amp_hours": 0.0, "watt_hours": 0.0}, {"amp_hours": 0.0, "watt_hours": 0.0}], "collection_time": 1727199826.657894}
{"volts": 5.08, "amps": 0.952, "watts": 4.836, "temp_c": 27, "temp_f": 81, "data_group_selected": 4, "data_line_positive_volts": 0.95, "data_line_negative_volts": 0.94, "charging_mode": 0, "record_amphours": 2.893, "record_watthours": 14.596, "record_threshold": 0.17, "record_seconds": 20342, "recording": true, "screen_timeout": 1, "screen_brightness": 4, "resistance": 5.3, "screen_selected": 0, "data_groups": [{"amp_hours": 1.884, "watt_hours": 9.245}, {"amp_hours": 27.019, "watt_hours": 99.999}, {"amp_hours": 0.032, "watt_hours": 0.167}, {"amp_hours": 0.0, "watt_hours": 0.0}, {"amp_hours": 6.092, "watt_hours": 30.731}, {"amp_hours": 0.0, "watt_hours": 0.0}, {"amp_hours": 0.0, "watt_hours": 0.0}, {"amp_hours": 0.0, "watt_hours": 0.0}, {"amp_hours": 0.0, "watt_hours": 0.0}, {"amp_hours": 0.0, "watt_hours": 0.0}], "collection_time": 1727199831.85001}
{"volts": 5.08, "amps": 0.914, "watts": 4.643, "temp_c": 27, "temp_f": 81, "data_group_selected": 4, "data_line_positive_volts": 0.94, "data_line_negative_volts": 0.94, "charging_mode": 0, "record_amphours": 2.894, "record_watthours": 14.602, "record_threshold": 0.17, "record_seconds": 20347, "recording": true, "screen_timeout": 1, "screen_brightness": 4, "resistance": 5.5, "screen_selected": 0, "data_groups": [{"amp_hours": 1.884, "watt_hours": 9.245}, {"amp_hours": 27.019, "watt_hours": 99.999}, {"amp_hours": 0.032, "watt_hours": 0.167}, {"amp_hours": 0.0, "watt_hours": 0.0}, {"amp_hours": 6.093, "watt_hours": 30.737}, {"amp_hours": 0.0, "watt_hours": 0.0}, {"amp_hours": 0.0, "watt_hours": 0.0}, {"amp_hours": 0.0, "watt_hours": 0.0}, {"amp_hours": 0.0, "watt_hours": 0.0}, {"amp_hours": 0.0, "watt_hours": 0.0}], "collection_time": 1727199837.046057}
