{"volts": 5.04, "amps": 0.46, "watts": 2.318, "temp_c": 26, "temp_f": 80, "data_group_selected": 4, "data_line_positive_volts": 0.99, "data_line_negative_volts": 0.98, "charging_mode": 0, "record_amphours": 2.224, "record_watthours": 11.214, "record_threshold": 0.17, "record_seconds": 16236, "recording": true, "screen_timeout": 1, "screen_brightness": 4, "resistance": 10.9, "screen_selected": 0, "data_groups": [{"amp_hours": 1.884, "watt_hours": 9.245}, {"amp_hours": 27.019, "watt_hours": 99.999}, {"amp_hours": 0.032, "watt_hours": 0.167}, {"amp_hours": 0.0, "watt_hours": 0.0}, {"amp_hours": 5.423, "watt_hours": 27.349}, {"amp_hours": 0.0, "watt_hours": 0.0}, {"amp_hours": 0.0, "watt_hours": 0.0}, {"amp_hours": 0.0, "watt_hours": 0.0}, {"amp_hours": 0.0, "watt_hours": 0.0}, {"amp_hours": 0.0, "watt_hours": 0.0}], "collection_time": 1727195729.661468}
{"volts": 5.1, "amps": 1.045, "watts": 5.329, "temp_c": 26, "temp_f": 80, "data_group_selected": 4, "data_line_positive_volts": 0.97, "data_line_negative_volts": 0.96, "charging_mode": 0, "record_amphours": 2.225, "record_watthours": 11.221, "record_threshold": 0.17, "record_seconds": 16241, "recording": true, "screen_timeout": 1, "screen_brightness": 4, "resistance": 4.8, "screen_selected": 0, "data_groups": [{"amp_hours": 1.884, "watt_hours": 9.245}, {"amp_hours": 27.019, "watt_hours": 99.999}, {"amp_hours": 0.032, "watt_hours": 0.167}, {"amp_hours": 0.0, "watt_hours": 0.0}, {"amp_hours": 5.424, "watt_hours": 27.356}, {"amp_hours": 0.0, "watt_hours": 0.0}, {"amp_hours": 0.0, "watt_hours": 0.0}, {"amp_hours": 0.0, "watt_hours": 0.0}, {"amp_hours": 0.0, "watt_hours": 0.0}, {"amp_hours": 0.0, "watt_hours": 0.0}], "collection_time": 1727195734.874047}
{"volts": 5.1, "amps": 1.065, "watts": 5.431, "temp_c": 26, "temp_f": 80, "data_group_selected": 4, "data_line_positive_volts": 0.97, "data_line_negative_volts": 0.96, "charging_mode": 0, "record_amphours": 2.227, "record_watthours": 11.228, "record_threshold": 0.17, "record_seconds": 16246, "recording": true, "screen_timeout": 1, "screen_brightness": 4, "resistance": 4.7, "screen_selected": 0, "data_groups": [{"amp_hours": 1.884, "watt_hours": 9.245}, {"amp_hours": 27.019, "watt_hours": 99.999}, {"amp_hours": 0.032, "watt_hours": 0.167}, {"amp_hours": 0.0, "watt_hours": 0.0}, {"amp_hours": 5.426, "watt_hours": 27.363}, {"amp_hours": 0.0, "watt_hours": 0.0}, {"amp_hours": 0.0, "watt_hours": 0.0}, {"amp_hours": 0.0, "watt_hours": 0.0}, {"amp_hours": 0.0, "watt_hours": 0.0}, {"amp_hours": 0.0, "watt_hours": 0.0}], "collection_time": 1727195740.057844}
{"volts": 5.09, "amps": 1.039, "watts": 5.288, "temp_c": 26, "temp_f": 80, "data_group_selected": 4, "data_line_positive_volts": 0.96, "data_line_negative_volts": 0.95, "charging_mode": 0, "record_amphours": 2.228, "record_watthours": 11.236, "record_threshold": 0.17, "record_seconds": 16251, "recording": true, "screen_timeout": 1, "screen_brightness": 4, "resistance": 4.8, "screen_selected": 0, "data_groups": [{"amp_hours": 1.884, "watt_hours": 9.245}, {"amp_hours": 27.019, "watt_hours": 99.999}, {"amp_hours": 0.032, "watt_hours": 0.167}, {"amp_hours": 0.0, "watt_hours": 0.0}, {"amp_hours": 5.427, "watt_hours": 27.371}, {"amp_hours": 0.0, "watt_hours": 0.0}, {"amp_hours": 0.0, "watt_hours": 0.0}, {"amp_hours": 0.0, "watt_hours": 0.0}, {"amp_hours": 0.0, "watt_hours": 0.0}, {"amp_hours": 0.0, "watt_hours": 0.0}], "collection_time": 1727195745.269879}
{"volts": 5.09, "amps": 1.008, "watts": 5.13, "temp_c": 26, "temp_f": 80, "data_group_selected": 4, "data_line_positive_volts": 0.95, "data_line_negative_volts": 0.94, "charging_mode": 0, "record_amphours": 2.229, "record_watthours": 11.243, "record_threshold": 0.17, "record_seconds": 16256, "recording": true, "screen_timeout": 1, "screen_brightness": 4, "resistance": 5.0, "screen_selected": 0, "data_groups": [{"amp_hours": 1.884, "watt_hours": 9.245}, {"amp_hours": 27.019, "watt_hours": 99.999}, {"amp_hours": 0.032, "watt_hours": 0.167}, {"amp_hours": 0.0, "watt_hours": 0.0}, {"amp_hours": 5.428, "watt_hours": 27.378}, {"amp_hours": 0.0, "watt_hours": 0.0}, {"amp_hours": 0.0, "watt_hours": 0.0}, {"amp_hours": 0.0, "watt_hours": 0.0}, {"amp_hours": 0.0, "watt_hours": 0.0}, {"amp_hours": 0.0, "watt_hours": 0.0}], "collection_time": 1727195750.461653}
{"volts": 5.08, "amps": 0.962, "watts": 4.886, "temp_c": 26, "temp_f": 80, "data_group_selected": 4, "data_line_positive_volts": 0.96, "data_line_negative_volts": 0.95, "charging_mode": 0, "record_amphours": 2.231, "record_watthours": 11.251, "record_threshold": 0.17, "record_seconds": 16262, "recording": true, "screen_timeout": 1, "screen_brightness": 4, "resistance": 5.2, "screen_selected": 0, "data_groups": [{"amp_hours": 1.884, "watt_hours": 9.245}, {"amp_hours": 27.019, "watt_hours": 99.999}, {"amp_hours": 0.032, "watt_hours": 0.167}, {"amp_hours": 0.0, "watt_hours": 0.0}, {"amp_hours": 5.43, "watt_hours": 27.386}, {"amp_hours": 0.0, "watt_hours": 0.0}, {"amp_hours": 0.0, "watt_hours": 0.0}, {"amp_hours": 0.0, "watt_hours": 0.0}, {"amp_hours": 0.0, "watt_hours": 0.0}, {"amp_hours": 0.0, "watt_hours": 0.0}], "collection_time": 1727195755.658068}
{"volts": 5.09, "amps": 0.985, "watts": 5.013, "temp_c": 26, "temp_f": 80, "data_group_selected": 4, "data_line_positive_volts": 0.95, "data_line_negative_volts": 0.94, "charging_mode": 0, "record_amphours": 2.232, "record_watthours": 11.258, "record_threshold": 0.17, "record_seconds": 16267, "recording": true, "screen_timeout": 1, "screen_brightness": 4, "resistance": 5.1, "screen_selected": 0, "data_groups": [{"amp_hours": 1.884, "watt_hours": 9.245}, {"amp_hours": 27.019, "watt_hours": 99.999}, {"amp_hours": 0.032, "watt_hours": 0.167}, {"amp_hours": 0.0, "watt_hours": 0.0}, {"amp_hours": 5.431, "watt_hours": 27.393}, {"amp_hours": 0.0, "watt_hours": 0.0}, {"amp_hours": 0.0, "watt_hours": 0.0}, {"amp_hours": 0.0, "watt_hours": 0.0}, {"amp_hours": 0.0, "watt_hours": 0.0}, {"amp_hours": 0.0, "watt_hours": 0.0}], "collection_time": 1727195760.869607}
{"volts": 5.08, "amps": 0.958, "watts": 4.866, "temp_c": 26, "temp_f": 80, "data_group_selected": 4, "data_line_positive_volts": 0.95, "data_line_negative_volts": 0.94, "charging_mode": 0, "record_amphours": 2.234, "record_watthours": 11.265, "record_threshold": 0.17, "record_seconds": 16272, "recording": true, "screen_timeout": 1, "screen_brightness": 4, "resistance": 5.3, "screen_selected": 0, "data_groups": [{"amp_hours": 1.884, "watt_hours": 9.245}, {"amp_hours": 27.019, "watt_hours": 99.999}, {"amp_hours": 0.032, "watt_hours": 0.167}, {"amp_hours": 0.0, "watt_hours": 0.0}, {"amp_hours": 5.433, "watt_hours": 27.4}, {"amp_hours": 0.0, "watt_hours": 0.0}, {"amp_hours": 0.0, "watt_hours": 0.0}, {"amp_hours": 0.0, "watt_hours": 0.0}, {"amp_hours": 0.0, "watt_hours": 0.0}, {"amp_hours": 0.0, "watt_hours": 0.0}], "collection_time": 1727195766.065787}
{"volts": 5.08, "amps": 0.932, "watts": 4.734, "temp_c": 26, "temp_f": 80, "data_group_selected": 4, "data_line_positive_volts": 0.96, "data_line_negative_volts": 0.94, "charging_mode": 0, "record_amphours": 2.235, "record_watthours": 11.271, "record_threshold": 0.17, "record_seconds": 16277, "recording": true, "screen_timeout": 1, "screen_brightness": 4, "resistance": 5.4, "screen_selected": 0, "data_groups": [{"amp_hours": 1.884, "watt_hours": 9.245}, {"amp_hours": 27.019, "watt_hours": 99.999}, {"amp_hours": 0.032, "watt_hours": 0.167}, {"amp_hours": 0.0, "watt_hours": 0.0}, {"amp_hours": 5.434, "watt_hours": 27.406}, {"amp_hours": 0.0, "watt_hours": 0.0}, {"amp_hours": 0.0, "watt_hours": 0.0}, {"amp_hours": 0.0, "watt_hours": 0.0}, {"amp_hours": 0.0, "watt_hours": 0.0}, {"amp_hours": 0.0, "watt_hours": 0.0}], "collection_time": 1727195771.26192}
