{"volts": 5.04, "amps": 0.502, "watts": 2.53, "temp_c": 25, "temp_f": 78, "data_group_selected": 4, "data_line_positive_volts": 1.0, "data_line_negative_volts": 0.99, "charging_mode": 0, "record_amphours": 0.05, "record_watthours": 0.254, "record_threshold": 0.17, "record_seconds": 323, "recording": true, "screen_timeout": 1, "screen_brightness": 4, "resistance": 10.0, "screen_selected": 0, "data_groups": [{"amp_hours": 1.884, "watt_hours": 9.245}, {"amp_hours": 27.019, "watt_hours": 99.999}, {"amp_hours": 0.032, "watt_hours": 0.167}, {"amp_hours": 0.0, "watt_hours": 0.0}, {"amp_hours": 0.05, "watt_hours": 0.254}, {"amp_hours": 0.0, "watt_hours": 0.0}, {"amp_hours": 0.0, "watt_hours": 0.0}, {"amp_hours": 0.0, "watt_hours": 0.0}, {"amp_hours": 0.0, "watt_hours": 0.0}, {"amp_hours": 0.0, "watt_hours": 0.0}], "collection_time": 1726749831.812263}
{"volts": 5.08, "amps": 0.982, "watts": 4.988, "temp_c": 25, "temp_f": 78, "data_group_selected": 4, "data_line_positive_volts": 1.0, "data_line_negative_volts": 0.98, "charging_mode": 0, "record_amphours": 0.051, "record_watthours": 0.261, "record_threshold": 0.17, "record_seconds": 328, "recording": true, "screen_timeout": 1, "screen_brightness": 4, "resistance": 5.1, "screen_selected": 0, "data_groups": [{"amp_hours": 1.884, "watt_hours": 9.245}, {"amp_hours": 27.019, "watt_hours": 99.999}, {"amp_hours": 0.032, "watt_hours": 0.167}, {"amp_hours": 0.0, "watt_hours": 0.0}, {"amp_hours": 0.051, "watt_hours": 0.261}, {"amp_hours": 0.0, "watt_hours": 0.0}, {"amp_hours": 0.0, "watt_hours": 0.0}, {"amp_hours": 0.0, "watt_hours": 0.0}, {"amp_hours": 0.0, "watt_hours": 0.0}, {"amp_hours": 0.0, "watt_hours": 0.0}], "collection_time": 1726749837.024707}
{"volts": 5.08, "amps": 0.992, "watts": 5.039, "temp_c": 25, "temp_f": 78, "data_group_selected": 4, "data_line_positive_volts": 1.0, "data_line_negative_volts": 0.99, "charging_mode": 0, "record_amphours": 0.053, "record_watthours": 0.269, "record_threshold": 0.17, "record_seconds": 334, "recording": true, "screen_timeout": 1, "screen_brightness": 4, "resistance": 5.1, "screen_selected": 0, "data_groups": [{"amp_hours": 1.884, "watt_hours": 9.245}, {"amp_hours": 27.019, "watt_hours": 99.999}, {"amp_hours": 0.032, "watt_hours": 0.167}, {"amp_hours": 0.0, "watt_hours": 0.0}, {"amp_hours": 0.053, "watt_hours": 0.269}, {"amp_hours": 0.0, "watt_hours": 0.0}, {"amp_hours": 0.0, "watt_hours": 0.0}, {"amp_hours": 0.0, "watt_hours": 0.0}, {"amp_hours": 0.0, "watt_hours": 0.0}, {"amp_hours": 0.0, "watt_hours": 0.0}], "collection_time": 1726749842.220414}
{"volts": 5.08, "amps": 0.995, "watts": 5.054, "temp_c": 25, "temp_f": 78, "data_group_selected": 4, "data_line_positive_volts": 0.99, "data_line_negative_volts": 0.98, "charging_mode": 0, "record_amphours": 0.054, "record_watthours": 0.276, "record_threshold": 0.17, "record_seconds": 339, "recording": true, "screen_timeout": 1, "screen_brightness": 4, "resistance": 5.1, "screen_selected": 0, "data_groups": [{"amp_hours": 1.884, "watt_hours": 9.245}, {"amp_hours": 27.019, "watt_hours": 99.999}, {"amp_hours": 0.032, "watt_hours": 0.167}, {"amp_hours": 0.0, "watt_hours": 0.0}, {"amp_hours": 0.054, "watt_hours": 0.276}, {"amp_hours": 0.0, "watt_hours": 0.0}, {"amp_hours": 0.0, "watt_hours": 0.0}, {"amp_hours": 0.0, "watt_hours": 0.0}, {"amp_hours": 0.0, "watt_hours": 0.0}, {"amp_hours": 0.0, "watt_hours": 0.0}], "collection_time": 1726749847.412591}
{"volts": 5.08, "amps": 0.992, "watts": 5.039, "temp_c": 25, "temp_f": 78, "data_group_selected": 4, "data_line_positive_volts": 0.99, "data_line_negative_volts": 0.98, "charging_mode": 0, "record_amphours": 0.056, "record_watthours": 0.283, "record_threshold": 0.17, "record_seconds": 344, "recording": true, "screen_timeout": 1, "screen_brightness": 4, "resistance": 5.1, "screen_selected": 0, "data_groups": [{"amp_hours": 1.884, "watt_hours": 9.245}, {"amp_hours": 27.019, "watt_hours": 99.999}, {"amp_hours": 0.032, "watt_hours": 0.167}, {"amp_hours": 0.0, "watt_hours": 0.0}, {"amp_hours": 0.056, "watt_hours": 0.283}, {"amp_hours": 0.0, "watt_hours": 0.0}, {"amp_hours": 0.0, "watt_hours": 0.0}, {"amp_hours": 0.0, "watt_hours": 0.0}, {"amp_hours": 0.0, "watt_hours": 0.0}, {"amp_hours": 0.0, "watt_hours": 0.0}], "collection_time": 1726749852.624523}
{"volts": 5.08, "amps": 0.999, "watts": 5.074, "temp_c": 25, "temp_f": 78, "data_group_selected": 4, "data_line_positive_volts": 0.99, "data_line_negative_volts": 0.98, "charging_mode": 0, "record_amphours": 0.057, "record_watthours": 0.29, "record_threshold": 0.17, "record_seconds": 349, "recording": true, "screen_timeout": 1, "screen_brightness": 4, "resistance": 5.0, "screen_selected": 0, "data_groups": [{"amp_hours": 1.884, "watt_hours": 9.245}, {"amp_hours": 27.019, "watt_hours": 99.999}, {"amp_hours": 0.032, "watt_hours": 0.167}, {"amp_hours": 0.0, "watt_hours": 0.0}, {"amp_hours": 0.057, "watt_hours": 0.29}, {"amp_hours": 0.0, "watt_hours": 0.0}, {"amp_hours": 0.0, "watt_hours": 0.0}, {"amp_hours": 0.0, "watt_hours": 0.0}, {"amp_hours": 0.0, "watt_hours": 0.0}, {"amp_hours": 0.0, "watt_hours": 0.0}], "collection_time": 1726749857.816443}
{"volts": 5.08, "amps": 0.996, "watts": 5.059, "temp_c": 25, "temp_f": 78, "data_group_selected": 4, "data_line_positive_volts": 0.99, "data_line_negative_volts": 0.98, "charging_mode": 0, "record_amphours": 0.059, "record_watthours": 0.298, "record_threshold": 0.17, "record_seconds": 354, "recording": true, "screen_timeout": 1, "screen_brightness": 4, "resistance": 5.1, "screen_selected": 0, "data_groups": [{"amp_hours": 1.884, "watt_hours": 9.245}, {"amp_hours": 27.019, "watt_hours": 99.999}, {"amp_hours": 0.032, "watt_hours": 0.167}, {"amp_hours": 0.0, "watt_hours": 0.0}, {"amp_hours": 0.059, "watt_hours": 0.298}, {"amp_hours": 0.0, "watt_hours": 0.0}, {"amp_hours": 0.0, "watt_hours": 0.0}, {"amp_hours": 0.0, "watt_hours": 0.0}, {"amp_hours": 0.0, "watt_hours": 0.0}, {"amp_hours": 0.0, "watt_hours": 0.0}], "collection_time": 1726749863.0287}
{"volts": 5.08, "amps": 1.01, "watts": 5.13, "temp_c": 25, "temp_f": 78, "data_group_selected": 4, "data_line_positive_volts": 0.98, "data_line_negative_volts": 0.97, "charging_mode": 0, "record_amphours": 0.06, "record_watthours": 0.306, "record_threshold": 0.17, "record_seconds": 360, "recording": true, "screen_timeout": 1, "screen_brightness": 4, "resistance": 5.0, "screen_selected": 0, "data_groups": [{"amp_hours": 1.884, "watt_hours": 9.245}, {"amp_hours": 27.019, "watt_hours": 99.999}, {"amp_hours": 0.032, "watt_hours": 0.167}, {"amp_hours": 0.0, "watt_hours": 0.0}, {"amp_hours": 0.06, "watt_hours": 0.306}, {"amp_hours": 0.0, "watt_hours": 0.0}, {"amp_hours": 0.0, "watt_hours": 0.0}, {"amp_hours": 0.0, "watt_hours": 0.0}, {"amp_hours": 0.0, "watt_hours": 0.0}, {"amp_hours": 0.0, "watt_hours": 0.0}], "collection_time": 1726749868.216804}
{"volts": 5.08, "amps": 1.006, "watts": 5.11, "temp_c": 25, "temp_f": 78, "data_group_selected": 4, "data_line_positive_volts": 0.99, "data_line_negative_volts": 0.97, "charging_mode": 0, "record_amphours": 0.062, "record_watthours": 0.313, "record_threshold": 0.17, "record_seconds": 365, "recording": true, "screen_timeout": 1, "screen_brightness": 4, "resistance": 5.0, "screen_selected": 0, "data_groups": [{"amp_hours": 1.884, "watt_hours": 9.245}, {"amp_hours": 27.019, "watt_hours": 99.999}, {"amp_hours": 0.032, "watt_hours": 0.167}, {"amp_hours": 0.0, "watt_hours": 0.0}, {"amp_hours": 0.062, "watt_hours": 0.313}, {"amp_hours": 0.0, "watt_hours": 0.0}, {"amp_hours": 0.0, "watt_hours": 0.0}, {"amp_hours": 0.0, "watt_hours": 0.0}, {"amp_hours": 0.0, "watt_hours": 0.0}, {"amp_hours": 0.0, "watt_hours": 0.0}], "collection_time": 1726749873.432638}
