{"volts": 5.09, "amps": 1.085, "watts": 5.522, "temp_c": 26, "temp_f": 78, "data_group_selected": 0, "data_line_positive_volts": 1.01, "data_line_negative_volts": 0.99, "charging_mode": 0, "record_amphours": 1.075, "record_watthours": 5.431, "record_threshold": 0.17, "record_seconds": 6622, "recording": true, "screen_timeout": 1, "screen_brightness": 4, "resistance": 4.6, "screen_selected": 0, "data_groups": [{"amp_hours": 1.075, "watt_hours": 5.431}, {"amp_hours": 27.019, "watt_hours": 99.999}, {"amp_hours": 0.032, "watt_hours": 0.167}, {"amp_hours": 0.0, "watt_hours": 0.0}, {"amp_hours": 13.76, "watt_hours": 69.396}, {"amp_hours": 0.0, "watt_hours": 0.0}, {"amp_hours": 0.0, "watt_hours": 0.0}, {"amp_hours": 0.0, "watt_hours": 0.0}, {"amp_hours": 0.0, "watt_hours": 0.0}, {"amp_hours": 0.0, "watt_hours": 0.0}], "collection_time": 1727287700.339274}
{"volts": 5.09, "amps": 1.047, "watts": 5.329, "temp_c": 26, "temp_f": 78, "data_group_selected": 0, "data_line_positive_volts": 0.97, "data_line_negative_volts": 0.96, "charging_mode": 0, "record_amphours": 1.077, "record_watthours": 5.44, "record_threshold": 0.17, "record_seconds": 6628, "recording": true, "screen_timeout": 1, "screen_brightness": 4, "resistance": 4.8, "screen_selected": 0, "data_groups": [{"amp_hours": 1.077, "watt_hours": 5.44}, {"amp_hours": 27.019, "watt_hours": 99.999}, {"amp_hours": 0.032, "watt_hours": 0.167}, {"amp_hours": 0.0, "watt_hours": 0.0}, {"amp_hours": 13.76, "watt_hours": 69.396}, {"amp_hours": 0.0, "watt_hours": 0.0}, {"amp_hours": 0.0, "watt_hours": 0.0}, {"amp_hours": 0.0, "watt_hours": 0.0}, {"amp_hours": 0.0, "watt_hours": 0.0}, {"amp_hours": 0.0, "watt_hours": 0.0}], "collection_time": 1727287705.535232}
{"volts": 5.09, "amps": 1.065, "watts": 5.42, "temp_c": 26, "temp_f": 78, "data_group_selected": 0, "data_line_positive_volts": 0.96, "data_line_negative_volts": 0.95, "charging_mode": 0, "record_amphours": 1.078, "record_watthours": 5.448, "record_threshold": 0.17, "record_seconds": 6633, "recording": true, "screen_timeout": 1, "screen_brightness": 4, "resistance": 4.7, "screen_selected": 0, "data_groups": [{"amp_hours": 1.078, "watt_hours": 5.448}, {"amp_hours": 27.019, "watt_hours": 99.999}, {"amp_hours": 0.032, "watt_hours": 0.167}, {"amp_hours": 0.0, "watt_hours": 0.0}, {"amp_hours": 13.76, "watt_hours": 69.396}, {"amp_hours": 0.0, "watt_hours": 0.0}, {"amp_hours": 0.0, "watt_hours": 0.0}, {"amp_hours": 0.0, "watt_hours": 0.0}, {"amp_hours": 0.0, "watt_hours": 0.0}, {"amp_hours": 0.0, "watt_hours": 0.0}], "collection_time": 1727287710.747354}
{"volts": 5.08, "amps": 0.984, "watts": 4.998, "temp_c": 26, "temp_f": 79, "data_group_selected": 0, "data_line_positive_volts": 0.96, "data_line_negative_volts": 0.95, "charging_mode": 0, "record_amphours": 1.08, "record_watthours": 5.455, "record_threshold": 0.17, "record_seconds": 6638, "recording": true, "screen_timeout": 1, "screen_brightness": 4, "resistance": 5.1, "screen_selected": 0, "data_groups": [{"amp_hours": 1.08, "watt_hours": 5.455}, {"amp_hours": 27.019, "watt_hours": 99.999}, {"amp_hours": 0.032, "watt_hours": 0.167}, {"amp_hours": 0.0, "watt_hours": 0.0}, {"amp_hours": 13.76, "watt_hours": 69.396}, {"amp_hours": 0.0, "watt_hours": 0.0}, {"amp_hours": 0.0, "watt_hours": 0.0}, {"amp_hours": 0.0, "watt_hours": 0.0}, {"amp_hours": 0.0, "watt_hours": 0.0}, {"amp_hours": 0.0, "watt_hours": 0.0}], "collection_time": 1727287715.939337}
{"volts": 5.08, "amps": 0.98, "watts": 4.978, "temp_c": 26, "temp_f": 79, "data_group_selected": 0, "data_line_positive_volts": 0.95, "data_line_negative_volts": 0.94, "charging_mode": 0, "record_amphours": 1.081, "record_watthours": 5.462, "record_threshold": 0.17, "record_seconds": 6643, "recording": true, "screen_timeout": 1, "screen_brightness": 4, "resistance": 5.1, "screen_selected": 0, "data_groups": [{"amp_hours": 1.081, "watt_hours": 5.462}, {"amp_hours": 27.019, "watt_hours": 99.999}, {"amp_hours": 0.032, "watt_hours": 0.167}, {"amp_hours": 0.0, "watt_hours": 0.0}, {"amp_hours": 13.76, "watt_hours": 69.396}, {"amp_hours": 0.0, "watt_hours": 0.0}, {"amp_hours": 0.0, "watt_hours": 0.0}, {"amp_hours": 0.0, "watt_hours": 0.0}, {"amp_hours": 0.0, "watt_hours": 0.0}, {"amp_hours": 0.0, "watt_hours": 0.0}], "collection_time": 1727287721.135355}
{"volts": 5.08, "amps": 0.942, "watts": 4.785, "temp_c": 26, "temp_f": 79, "data_group_selected": 0, "data_line_positive_volts": 0.95, "data_line_negative_volts": 0.94, "charging_mode": 0, "record_amphours": 1.082, "record_watthours": 5.468, "record_threshold": 0.17, "record_seconds": 6648, "recording": true, "screen_timeout": 1, "screen_brightness": 4, "resistance": 5.3, "screen_selected": 0, "data_groups": [{"amp_hours": 1.082, "watt_hours": 5.468}, {"amp_hours": 27.019, "watt_hours": 99.999}, {"amp_hours": 0.032, "watt_hours": 0.167}, {"amp_hours": 0.0, "watt_hours": 0.0}, {"amp_hours": 13.76, "watt_hours": 69.396}, {"amp_hours": 0.0, "watt_hours": 0.0}, {"amp_hours": 0.0, "watt_hours": 0.0}, {"amp_hours": 0.0, "watt_hours": 0.0}, {"amp_hours": 0.0, "watt_hours": 0.0}, {"amp_hours": 0.0, "watt_hours": 0.0}], "collection_time": 1727287726.347243}
{"volts": 5.08, "amps": 0.97, "watts": 4.927, "temp_c": 26, "temp_f": 79, "data_group_selected": 0, "data_line_positive_volts": 0.95, "data_line_negative_volts": 0.94, "charging_mode": 0, "record_amphours": 1.084, "record_watthours": 5.476, "record_threshold": 0.17, "record_seconds": 6654, "recording": true, "screen_timeout": 1, "screen_brightness": 4, "resistance": 5.2, "screen_selected": 0, "data_groups": [{"amp_hours": 1.084, "watt_hours": 5.476}, {"amp_hours": 27.019, "watt_hours": 99.999}, {"amp_hours": 0.032, "watt_hours": 0.167}, {"amp_hours": 0.0, "watt_hours": 0.0}, {"amp_hours": 13.76, "watt_hours": 69.396}, {"amp_hours": 0.0, "watt_hours": 0.0}, {"amp_hours": 0.0, "watt_hours": 0.0}, {"amp_hours": 0.0, "watt_hours": 0.0}, {"amp_hours": 0.0, "watt_hours": 0.0}, {"amp_hours": 0.0, "watt_hours": 0.0}], "collection_time": 1727287731.539381}
{"volts": 5.07, "amps": 0.918, "watts": 4.654, "temp_c": 26, "temp_f": 79, "data_group_selected": 0, "data_line_positive_volts": 0.95, "data_line_negative_volts": 0.94, "charging_mode": 0, "record_amphours": 1.085, "record_watthours": 5.483, "record_threshold": 0.17, "record_seconds": 6659, "recording": true, "screen_timeout": 1, "screen_brightness": 4, "resistance": 5.5, "screen_selected": 0, "data_groups": [{"amp_hours": 1.085, "watt_hours": 5.483}, {"amp_hours": 27.019, "watt_hours": 99.999}, {"amp_hours": 0.032, "watt_hours": 0.167}, {"amp_hours": 0.0, "watt_hours": 0.0}, {"amp_hours": 13.76, "watt_hours": 69.396}, {"amp_hours": 0.0, "watt_hours": 0.0}, {"amp_hours": 0.0, "watt_hours": 0.0}, {"amp_hours": 0.0, "watt_hours": 0.0}, {"amp_hours": 0.0, "watt_hours": 0.0}, {"amp_hours": 0.0, "watt_hours": 0.0}], "collection_time": 1727287736.735458}
{"volts": 5.07, "amps": 0.918, "watts": 4.654, "temp_c": 26, "temp_f": 79, "data_group_selected": 0, "data_line_positive_volts": 0.95, "data_line_negative_volts": 0.94, "charging_mode": 0, "record_amphours": 1.086, "record_watthours": 5.489, "record_threshold": 0.17, "record_seconds": 6664, "recording": true, "screen_timeout": 1, "screen_brightness": 4, "resistance": 5.5, "screen_selected": 0, "data_groups": [{"amp_hours": 1.086, "watt_hours": 5.489}, {"amp_hours": 27.019, "watt_hours": 99.999}, {"amp_hours": 0.032, "watt_hours": 0.167}, {"amp_hours": 0.0, "watt_hours": 0.0}, {"amp_hours": 13.76, "watt_hours": 69.396}, {"amp_hours": 0.0, "watt_hours": 0.0}, {"amp_hours": 0.0, "watt_hours": 0.0}, {"amp_hours": 0.0, "watt_hours": 0.0}, {"amp_hours": 0.0, "watt_hours": 0.0}, {"amp_hours": 0.0, "watt_hours": 0.0}], "collection_time": 1727287741.927352}
