{"volts": 5.09, "amps": 1.103, "watts": 5.614, "temp_c": 26, "temp_f": 80, "data_group_selected": 0, "data_line_positive_volts": 0.97, "data_line_negative_volts": 0.96, "charging_mode": 0, "record_amphours": 1.114, "record_watthours": 5.627, "record_threshold": 0.17, "record_seconds": 6792, "recording": true, "screen_timeout": 1, "screen_brightness": 4, "resistance": 4.6, "screen_selected": 0, "data_groups": [{"amp_hours": 1.114, "watt_hours": 5.627}, {"amp_hours": 27.019, "watt_hours": 99.999}, {"amp_hours": 0.032, "watt_hours": 0.167}, {"amp_hours": 0.0, "watt_hours": 0.0}, {"amp_hours": 13.76, "watt_hours": 69.396}, {"amp_hours": 0.0, "watt_hours": 0.0}, {"amp_hours": 0.0, "watt_hours": 0.0}, {"amp_hours": 0.0, "watt_hours": 0.0}, {"amp_hours": 0.0, "watt_hours": 0.0}, {"amp_hours": 0.0, "watt_hours": 0.0}], "collection_time": 1727287869.727365}
{"volts": 5.07, "amps": 0.914, "watts": 4.633, "temp_c": 26, "temp_f": 80, "data_group_selected": 0, "data_line_positive_volts": 0.94, "data_line_negative_volts": 0.93, "charging_mode": 0, "record_amphours": 1.115, "record_watthours": 5.634, "record_threshold": 0.17, "record_seconds": 6797, "recording": true, "screen_timeout": 1, "screen_brightness": 4, "resistance": 5.5, "screen_selected": 0, "data_groups": [{"amp_hours": 1.115, "watt_hours": 5.634}, {"amp_hours": 27.019, "watt_hours": 99.999}, {"amp_hours": 0.032, "watt_hours": 0.167}, {"amp_hours": 0.0, "watt_hours": 0.0}, {"amp_hours": 13.76, "watt_hours": 69.396}, {"amp_hours": 0.0, "watt_hours": 0.0}, {"amp_hours": 0.0, "watt_hours": 0.0}, {"amp_hours": 0.0, "watt_hours": 0.0}, {"amp_hours": 0.0, "watt_hours": 0.0}, {"amp_hours": 0.0, "watt_hours": 0.0}], "collection_time": 1727287874.939297}
{"volts": 5.08, "amps": 0.943, "watts": 4.79, "temp_c": 26, "temp_f": 79, "data_group_selected": 0, "data_line_positive_volts": 0.95, "data_line_negative_volts": 0.94, "charging_mode": 0, "record_amphours": 1.116, "record_watthours": 5.64, "record_threshold": 0.17, "record_seconds": 6802, "recording": true, "screen_timeout": 1, "screen_brightness": 4, "resistance": 5.3, "screen_selected": 0, "data_groups": [{"amp_hours": 1.116, "watt_hours": 5.64}, {"amp_hours": 27.019, "watt_hours": 99.999}, {"amp_hours": 0.032, "watt_hours": 0.167}, {"amp_hours": 0.0, "watt_hours": 0.0}, {"amp_hours": 13.76, "watt_hours": 69.396}, {"amp_hours": 0.0, "watt_hours": 0.0}, {"amp_hours": 0.0, "watt_hours": 0.0}, {"amp_hours": 0.0, "watt_hours": 0.0}, {"amp_hours": 0.0, "watt_hours": 0.0}, {"amp_hours": 0.0, "watt_hours": 0.0}], "collection_time": 1727287880.123501}
{"volts": 5.07, "amps": 0.784, "watts": 3.974, "temp_c": 26, "temp_f": 79, "data_group_selected": 0, "data_line_positive_volts": 0.93, "data_line_negative_volts": 0.92, "charging_mode": 0, "record_amphours": 1.117, "record_watthours": 5.647, "record_threshold": 0.17, "record_seconds": 6807, "recording": true, "screen_timeout": 1, "screen_brightness": 4, "resistance": 6.4, "screen_selected": 0, "data_groups": [{"amp_hours": 1.117, "watt_hours": 5.647}, {"amp_hours": 27.019, "watt_hours": 99.999}, {"amp_hours": 0.032, "watt_hours": 0.167}, {"amp_hours": 0.0, "watt_hours": 0.0}, {"amp_hours": 13.76, "watt_hours": 69.396}, {"amp_hours": 0.0, "watt_hours": 0.0}, {"amp_hours": 0.0, "watt_hours": 0.0}, {"amp_hours": 0.0, "watt_hours": 0.0}, {"amp_hours": 0.0, "watt_hours": 0.0}, {"amp_hours": 0.0, "watt_hours": 0.0}], "collection_time": 1727287885.319358}
{"volts": 5.06, "amps": 0.783, "watts": 3.961, "temp_c": 26, "temp_f": 79, "data_group_selected": 0, "data_line_positive_volts": 0.89, "data_line_negative_volts": 0.88, "charging_mode": 0, "record_amphours": 1.119, "record_watthours": 5.654, "record_threshold": 0.17, "record_seconds": 6813, "recording": true, "screen_timeout": 1, "screen_brightness": 4, "resistance": 6.4, "screen_selected": 0, "data_groups": [{"amp_hours": 1.119, "watt_hours": 5.654}, {"amp_hours": 27.019, "watt_hours": 99.999}, {"amp_hours": 0.032, "watt_hours": 0.167}, {"amp_hours": 0.0, "watt_hours": 0.0}, {"amp_hours": 13.76, "watt_hours": 69.396}, {"amp_hours": 0.0, "watt_hours": 0.0}, {"amp_hours": 0.0, "watt_hours": 0.0}, {"amp_hours": 0.0, "watt_hours": 0.0}, {"amp_hours": 0.0, "watt_hours": 0.0}, {"amp_hours": 0.0, "watt_hours": 0.0}], "collection_time": 1727287890.535343}
{"volts": 5.07, "amps": 0.773, "watts": 3.919, "temp_c": 26, "temp_f": 80, "data_group_selected": 0, "data_line_positive_volts": 0.94, "data_line_negative_volts": 0.93, "charging_mode": 0, "record_amphours": 1.12, "record_watthours": 5.66, "record_threshold": 0.17, "record_seconds": 6818, "recording": true, "screen_timeout": 1, "screen_brightness": 4, "resistance": 6.5, "screen_selected": 0, "data_groups": [{"amp_hours": 1.12, "watt_hours": 5.66}, {"amp_hours": 27.019, "watt_hours": 99.999}, {"amp_hours": 0.032, "watt_hours": 0.167}, {"amp_hours": 0.0, "watt_hours": 0.0}, {"amp_hours": 13.76, "watt_hours": 69.396}, {"amp_hours": 0.0, "watt_hours": 0.0}, {"amp_hours": 0.0, "watt_hours": 0.0}, {"amp_hours": 0.0, "watt_hours": 0.0}, {"amp_hours": 0.0, "watt_hours": 0.0}, {"amp_hours": 0.0, "watt_hours": 0.0}], "collection_time": 1727287895.71517}
{"volts": 5.07, "amps": 0.818, "watts": 4.147, "temp_c": 26, "temp_f": 80, "data_group_selected": 0, "data_line_positive_volts": 0.93, "data_line_negative_volts": 0.92, "charging_mode": 0, "record_amphours": 1.121, "record_watthours": 5.666, "record_threshold": 0.17, "record_seconds": 6823, "recording": true, "screen_timeout": 1, "screen_brightness": 4, "resistance": 6.1, "screen_selected": 0, "data_groups": [{"amp_hours": 1.121, "watt_hours": 5.666}, {"amp_hours": 27.019, "watt_hours": 99.999}, {"amp_hours": 0.032, "watt_hours": 0.167}, {"amp_hours": 0.0, "watt_hours": 0.0}, {"amp_hours": 13.76, "watt_hours": 69.396}, {"amp_hours": 0.0, "watt_hours": 0.0}, {"amp_hours": 0.0, "watt_hours": 0.0}, {"amp_hours": 0.0, "watt_hours": 0.0}, {"amp_hours": 0.0, "watt_hours": 0.0}, {"amp_hours": 0.0, "watt_hours": 0.0}], "collection_time": 1727287900.931529}
{"volts": 5.07, "amps": 0.914, "watts": 4.633, "temp_c": 26, "temp_f": 80, "data_group_selected": 0, "data_line_positive_volts": 0.94, "data_line_negative_volts": 0.93, "charging_mode": 0, "record_amphours": 1.122, "record_watthours": 5.672, "record_threshold": 0.17, "record_seconds": 6828, "recording": true, "screen_timeout": 1, "screen_brightness": 4, "resistance": 5.5, "screen_selected": 0, "data_groups": [{"amp_hours": 1.122, "watt_hours": 5.672}, {"amp_hours": 27.019, "watt_hours": 99.999}, {"amp_hours": 0.032, "watt_hours": 0.167}, {"amp_hours": 0.0, "watt_hours": 0.0}, {"amp_hours": 13.76, "watt_hours": 69.396}, {"amp_hours": 0.0, "watt_hours": 0.0}, {"amp_hours": 0.0, "watt_hours": 0.0}, {"amp_hours": 0.0, "watt_hours": 0.0}, {"amp_hours": 0.0, "watt_hours": 0.0}, {"amp_hours": 0.0, "watt_hours": 0.0}], "collection_time": 1727287906.115306}
{"volts": 5.07, "amps": 0.757, "watts": 3.837, "temp_c": 26, "temp_f": 80, "data_group_selected": 0, "data_line_positive_volts": 0.94, "data_line_negative_volts": 0.92, "charging_mode": 0, "record_amphours": 1.124, "record_watthours": 5.678, "record_threshold": 0.17, "record_seconds": 6833, "recording": true, "screen_timeout": 1, "screen_brightness": 4, "resistance": 6.6, "screen_selected": 0, "data_groups": [{"amp_hours": 1.124, "watt_hours": 5.678}, {"amp_hours": 27.019, "watt_hours": 99.999}, {"amp_hours": 0.032, "watt_hours": 0.167}, {"amp_hours": 0.0, "watt_hours": 0.0}, {"amp_hours": 13.76, "watt_hours": 69.396}, {"amp_hours": 0.0, "watt_hours": 0.0}, {"amp_hours": 0.0, "watt_hours": 0.0}, {"amp_hours": 0.0, "watt_hours": 0.0}, {"amp_hours": 0.0, "watt_hours": 0.0}, {"amp_hours": 0.0, "watt_hours": 0.0}], "collection_time": 1727287911.310761}
