{"volts": 5.03, "amps": 0.471, "watts": 2.369, "temp_c": 26, "temp_f": 79, "data_group_selected": 4, "data_line_positive_volts": 0.99, "data_line_negative_volts": 0.98, "charging_mode": 0, "record_amphours": 0.374, "record_watthours": 1.888, "record_threshold": 0.17, "record_seconds": 2222, "recording": true, "screen_timeout": 1, "screen_brightness": 4, "resistance": 10.6, "screen_selected": 0, "data_groups": [{"amp_hours": 1.884, "watt_hours": 9.245}, {"amp_hours": 27.019, "watt_hours": 99.999}, {"amp_hours": 0.032, "watt_hours": 0.167}, {"amp_hours": 0.0, "watt_hours": 0.0}, {"amp_hours": 0.374, "watt_hours": 1.888}, {"amp_hours": 0.0, "watt_hours": 0.0}, {"amp_hours": 0.0, "watt_hours": 0.0}, {"amp_hours": 0.0, "watt_hours": 0.0}, {"amp_hours": 0.0, "watt_hours": 0.0}, {"amp_hours": 0.0, "watt_hours": 0.0}], "collection_time": 1726751728.668344}
{"volts": 5.05, "amps": 0.638, "watts": 3.221, "temp_c": 26, "temp_f": 79, "data_group_selected": 4, "data_line_positive_volts": 0.99, "data_line_negative_volts": 0.98, "charging_mode": 0, "record_amphours": 0.374, "record_watthours": 1.893, "record_threshold": 0.17, "record_seconds": 2227, "recording": true, "screen_timeout": 1, "screen_brightness": 4, "resistance": 7.9, "screen_selected": 0, "data_groups": [{"amp_hours": 1.884, "watt_hours": 9.245}, {"amp_hours": 27.019, "watt_hours": 99.999}, {"amp_hours": 0.032, "watt_hours": 0.167}, {"amp_hours": 0.0, "watt_hours": 0.0}, {"amp_hours": 0.374, "watt_hours": 1.893}, {"amp_hours": 0.0, "watt_hours": 0.0}, {"amp_hours": 0.0, "watt_hours": 0.0}, {"amp_hours": 0.0, "watt_hours": 0.0}, {"amp_hours": 0.0, "watt_hours": 0.0}, {"amp_hours": 0.0, "watt_hours": 0.0}], "collection_time": 1726751733.860408}
{"volts": 5.05, "amps": 0.706, "watts": 3.565, "temp_c": 26, "temp_f": 80, "data_group_selected": 4, "data_line_positive_volts": 0.99, "data_line_negative_volts": 0.98, "charging_mode": 0, "record_amphours": 0.375, "record_watthours": 1.897, "record_threshold": 0.17, "record_seconds": 2232, "recording": true, "screen_timeout": 1, "screen_brightness": 4, "resistance": 7.1, "screen_selected": 0, "data_groups": [{"amp_hours": 1.884, "watt_hours": 9.245}, {"amp_hours": 27.019, "watt_hours": 99.999}, {"amp_hours": 0.032, "watt_hours": 0.167}, {"amp_hours": 0.0, "watt_hours": 0.0}, {"amp_hours": 0.375, "watt_hours": 1.897}, {"amp_hours": 0.0, "watt_hours": 0.0}, {"amp_hours": 0.0, "watt_hours": 0.0}, {"amp_hours": 0.0, "watt_hours": 0.0}, {"amp_hours": 0.0, "watt_hours": 0.0}, {"amp_hours": 0.0, "watt_hours": 0.0}], "collection_time": 1726751739.052458}
{"volts": 5.05, "amps": 0.708, "watts": 3.575, "temp_c": 26, "temp_f": 79, "data_group_selected": 4, "data_line_positive_volts": 0.99, "data_line_negative_volts": 0.98, "charging_mode": 0, "record_amphours": 0.376, "record_watthours": 1.902, "record_threshold": 0.17, "record_seconds": 2237, "recording": true, "screen_timeout": 1, "screen_brightness": 4, "resistance": 7.1, "screen_selected": 0, "data_groups": [{"amp_hours": 1.884, "watt_hours": 9.245}, {"amp_hours": 27.019, "watt_hours": 99.999}, {"amp_hours": 0.032, "watt_hours": 0.167}, {"amp_hours": 0.0, "watt_hours": 0.0}, {"amp_hours": 0.376, "watt_hours": 1.902}, {"amp_hours": 0.0, "watt_hours": 0.0}, {"amp_hours": 0.0, "watt_hours": 0.0}, {"amp_hours": 0.0, "watt_hours": 0.0}, {"amp_hours": 0.0, "watt_hours": 0.0}, {"amp_hours": 0.0, "watt_hours": 0.0}], "collection_time": 1726751744.264566}
{"volts": 5.05, "amps": 0.687, "watts": 3.469, "temp_c": 26, "temp_f": 79, "data_group_selected": 4, "data_line_positive_volts": 0.99, "data_line_negative_volts": 0.98, "charging_mode": 0, "record_amphours": 0.378, "record_watthours": 1.908, "record_threshold": 0.17, "record_seconds": 2243, "recording": true, "screen_timeout": 1, "screen_brightness": 4, "resistance": 7.3, "screen_selected": 0, "data_groups": [{"amp_hours": 1.884, "watt_hours": 9.245}, {"amp_hours": 27.019, "watt_hours": 99.999}, {"amp_hours": 0.032, "watt_hours": 0.167}, {"amp_hours": 0.0, "watt_hours": 0.0}, {"amp_hours": 0.378, "watt_hours": 1.908}, {"amp_hours": 0.0, "watt_hours": 0.0}, {"amp_hours": 0.0, "watt_hours": 0.0}, {"amp_hours": 0.0, "watt_hours": 0.0}, {"amp_hours": 0.0, "watt_hours": 0.0}, {"amp_hours": 0.0, "watt_hours": 0.0}], "collection_time": 1726751749.448523}
{"volts": 5.05, "amps": 0.71, "watts": 3.585, "temp_c": 26, "temp_f": 79, "data_group_selected": 4, "data_line_positive_volts": 0.99, "data_line_negative_volts": 0.98, "charging_mode": 0, "record_amphours": 0.379, "record_watthours": 1.913, "record_threshold": 0.17, "record_seconds": 2248, "recording": true, "screen_timeout": 1, "screen_brightness": 4, "resistance": 7.1, "screen_selected": 0, "data_groups": [{"amp_hours": 1.884, "watt_hours": 9.245}, {"amp_hours": 27.019, "watt_hours": 99.999}, {"amp_hours": 0.032, "watt_hours": 0.167}, {"amp_hours": 0.0, "watt_hours": 0.0}, {"amp_hours": 0.379, "watt_hours": 1.913}, {"amp_hours": 0.0, "watt_hours": 0.0}, {"amp_hours": 0.0, "watt_hours": 0.0}, {"amp_hours": 0.0, "watt_hours": 0.0}, {"amp_hours": 0.0, "watt_hours": 0.0}, {"amp_hours": 0.0, "watt_hours": 0.0}], "collection_time": 1726751754.640667}
{"volts": 5.05, "amps": 0.685, "watts": 3.459, "temp_c": 26, "temp_f": 79, "data_group_selected": 4, "data_line_positive_volts": 0.99, "data_line_negative_volts": 0.98, "charging_mode": 0, "record_amphours": 0.38, "record_watthours": 1.918, "record_threshold": 0.17, "record_seconds": 2253, "recording": true, "screen_timeout": 1, "screen_brightness": 4, "resistance": 7.3, "screen_selected": 0, "data_groups": [{"amp_hours": 1.884, "watt_hours": 9.245}, {"amp_hours": 27.019, "watt_hours": 99.999}, {"amp_hours": 0.032, "watt_hours": 0.167}, {"amp_hours": 0.0, "watt_hours": 0.0}, {"amp_hours": 0.38, "watt_hours": 1.918}, {"amp_hours": 0.0, "watt_hours": 0.0}, {"amp_hours": 0.0, "watt_hours": 0.0}, {"amp_hours": 0.0, "watt_hours": 0.0}, {"amp_hours": 0.0, "watt_hours": 0.0}, {"amp_hours": 0.0, "watt_hours": 0.0}], "collection_time": 1726751759.832553}
{"volts": 5.05, "amps": 0.715, "watts": 3.61, "temp_c": 26, "temp_f": 80, "data_group_selected": 4, "data_line_positive_volts": 0.99, "data_line_negative_volts": 0.98, "charging_mode": 0, "record_amphours": 0.381, "record_watthours": 1.924, "record_threshold": 0.17, "record_seconds": 2258, "recording": true, "screen_timeout": 1, "screen_brightness": 4, "resistance": 7.0, "screen_selected": 0, "data_groups": [{"amp_hours": 1.884, "watt_hours": 9.245}, {"amp_hours": 27.019, "watt_hours": 99.999}, {"amp_hours": 0.032, "watt_hours": 0.167}, {"amp_hours": 0.0, "watt_hours": 0.0}, {"amp_hours": 0.381, "watt_hours": 1.924}, {"amp_hours": 0.0, "watt_hours": 0.0}, {"amp_hours": 0.0, "watt_hours": 0.0}, {"amp_hours": 0.0, "watt_hours": 0.0}, {"amp_hours": 0.0, "watt_hours": 0.0}, {"amp_hours": 0.0, "watt_hours": 0.0}], "collection_time": 1726751765.024552}
{"volts": 5.05, "amps": 0.77, "watts": 3.888, "temp_c": 26, "temp_f": 80, "data_group_selected": 4, "data_line_positive_volts": 0.99, "data_line_negative_volts": 0.98, "charging_mode": 0, "record_amphours": 0.382, "record_watthours": 1.929, "record_threshold": 0.17, "record_seconds": 2263, "recording": true, "screen_timeout": 1, "screen_brightness": 4, "resistance": 6.5, "screen_selected": 0, "data_groups": [{"amp_hours": 1.884, "watt_hours": 9.245}, {"amp_hours": 27.019, "watt_hours": 99.999}, {"amp_hours": 0.032, "watt_hours": 0.167}, {"amp_hours": 0.0, "watt_hours": 0.0}, {"amp_hours": 0.382, "watt_hours": 1.929}, {"amp_hours": 0.0, "watt_hours": 0.0}, {"amp_hours": 0.0, "watt_hours": 0.0}, {"amp_hours": 0.0, "watt_hours": 0.0}, {"amp_hours": 0.0, "watt_hours": 0.0}, {"amp_hours": 0.0, "watt_hours": 0.0}], "collection_time": 1726751770.216591}
