{"volts": 5.03, "amps": 0.457, "watts": 2.298, "temp_c": 25, "temp_f": 78, "data_group_selected": 4, "data_line_positive_volts": 1.0, "data_line_negative_volts": 0.99, "charging_mode": 0, "record_amphours": 0.071, "record_watthours": 0.361, "record_threshold": 0.17, "record_seconds": 413, "recording": true, "screen_timeout": 1, "screen_brightness": 4, "resistance": 11.0, "screen_selected": 0, "data_groups": [{"amp_hours": 1.884, "watt_hours": 9.245}, {"amp_hours": 27.019, "watt_hours": 99.999}, {"amp_hours": 0.032, "watt_hours": 0.167}, {"amp_hours": 0.0, "watt_hours": 0.0}, {"amp_hours": 0.071, "watt_hours": 0.361}, {"amp_hours": 0.0, "watt_hours": 0.0}, {"amp_hours": 0.0, "watt_hours": 0.0}, {"amp_hours": 0.0, "watt_hours": 0.0}, {"amp_hours": 0.0, "watt_hours": 0.0}, {"amp_hours": 0.0, "watt_hours": 0.0}], "collection_time": 1726749921.912561}
{"volts": 5.08, "amps": 0.99, "watts": 5.029, "temp_c": 25, "temp_f": 78, "data_group_selected": 4, "data_line_positive_volts": 1.0, "data_line_negative_volts": 0.98, "charging_mode": 0, "record_amphours": 0.072, "record_watthours": 0.368, "record_threshold": 0.17, "record_seconds": 419, "recording": true, "screen_timeout": 1, "screen_brightness": 4, "resistance": 5.1, "screen_selected": 0, "data_groups": [{"amp_hours": 1.884, "watt_hours": 9.245}, {"amp_hours": 27.019, "watt_hours": 99.999}, {"amp_hours": 0.032, "watt_hours": 0.167}, {"amp_hours": 0.0, "watt_hours": 0.0}, {"amp_hours": 0.072, "watt_hours": 0.368}, {"amp_hours": 0.0, "watt_hours": 0.0}, {"amp_hours": 0.0, "watt_hours": 0.0}, {"amp_hours": 0.0, "watt_hours": 0.0}, {"amp_hours": 0.0, "watt_hours": 0.0}, {"amp_hours": 0.0, "watt_hours": 0.0}], "collection_time": 1726749927.124648}
{"volts": 5.08, "amps": 0.995, "watts": 5.054, "temp_c": 25, "temp_f": 78, "data_group_selected": 4, "data_line_positive_volts": 1.0, "data_line_negative_volts": 0.98, "charging_mode": 0, "record_amphours": 0.074, "record_watthours": 0.375, "record_threshold": 0.17, "record_seconds": 424, "recording": true, "screen_timeout": 1, "screen_brightness": 4, "resistance": 5.1, "screen_selected": 0, "data_groups": [{"amp_hours": 1.884, "watt_hours": 9.245}, {"amp_hours": 27.019, "watt_hours": 99.999}, {"amp_hours": 0.032, "watt_hours": 0.167}, {"amp_hours": 0.0, "watt_hours": 0.0}, {"amp_hours": 0.074, "watt_hours": 0.375}, {"amp_hours": 0.0, "watt_hours": 0.0}, {"amp_hours": 0.0, "watt_hours": 0.0}, {"amp_hours": 0.0, "watt_hours": 0.0}, {"amp_hours": 0.0, "watt_hours": 0.0}, {"amp_hours": 0.0, "watt_hours": 0.0}], "collection_time": 1726749932.316611}
{"volts": 5.08, "amps": 1.001, "watts": 5.085, "temp_c": 25, "temp_f": 78, "data_group_selected": 4, "data_line_positive_volts": 0.98, "data_line_negative_volts": 0.97, "charging_mode": 0, "record_amphours": 0.075, "record_watthours": 0.382, "record_threshold": 0.17, "record_seconds": 429, "recording": true, "screen_timeout": 1, "screen_brightness": 4, "resistance": 5.0, "screen_selected": 0, "data_groups": [{"amp_hours": 1.884, "watt_hours": 9.245}, {"amp_hours": 27.019, "watt_hours": 99.999}, {"amp_hours": 0.032, "watt_hours": 0.167}, {"amp_hours": 0.0, "watt_hours": 0.0}, {"amp_hours": 0.075, "watt_hours": 0.382}, {"amp_hours": 0.0, "watt_hours": 0.0}, {"amp_hours": 0.0, "watt_hours": 0.0}, {"amp_hours": 0.0, "watt_hours": 0.0}, {"amp_hours": 0.0, "watt_hours": 0.0}, {"amp_hours": 0.0, "watt_hours": 0.0}], "collection_time": 1726749937.528682}
{"volts": 5.08, "amps": 1.009, "watts": 5.125, "temp_c": 25, "temp_f": 78, "data_group_selected": 4, "data_line_positive_volts": 0.98, "data_line_negative_volts": 0.97, "charging_mode": 0, "record_amphours": 0.077, "record_watthours": 0.389, "record_threshold": 0.17, "record_seconds": 434, "recording": true, "screen_timeout": 1, "screen_brightness": 4, "resistance": 5.0, "screen_selected": 0, "data_groups": [{"amp_hours": 1.884, "watt_hours": 9.245}, {"amp_hours": 27.019, "watt_hours": 99.999}, {"amp_hours": 0.032, "watt_hours": 0.167}, {"amp_hours": 0.0, "watt_hours": 0.0}, {"amp_hours": 0.077, "watt_hours": 0.389}, {"amp_hours": 0.0, "watt_hours": 0.0}, {"amp_hours": 0.0, "watt_hours": 0.0}, {"amp_hours": 0.0, "watt_hours": 0.0}, {"amp_hours": 0.0, "watt_hours": 0.0}, {"amp_hours": 0.0, "watt_hours": 0.0}], "collection_time": 1726749942.716757}
{"volts": 5.08, "amps": 1.01, "watts": 5.13, "temp_c": 25, "temp_f": 78, "data_group_selected": 4, "data_line_positive_volts": 0.98, "data_line_negative_volts": 0.97, "charging_mode": 0, "record_amphours": 0.078, "record_watthours": 0.396, "record_threshold": 0.17, "record_seconds": 439, "recording": true, "screen_timeout": 1, "screen_brightness": 4, "resistance": 5.0, "screen_selected": 0, "data_groups": [{"amp_hours": 1.884, "watt_hours": 9.245}, {"amp_hours": 27.019, "watt_hours": 99.999}, {"amp_hours": 0.032, "watt_hours": 0.167}, {"amp_hours": 0.0, "watt_hours": 0.0}, {"amp_hours": 0.078, "watt_hours": 0.396}, {"amp_hours": 0.0, "watt_hours": 0.0}, {"amp_hours": 0.0, "watt_hours": 0.0}, {"amp_hours": 0.0, "watt_hours": 0.0}, {"amp_hours": 0.0, "watt_hours": 0.0}, {"amp_hours": 0.0, "watt_hours": 0.0}], "collection_time": 1726749947.912563}
{"volts": 5.09, "amps": 1.076, "watts": 5.476, "temp_c": 25, "temp_f": 78, "data_group_selected": 4, "data_line_positive_volts": 0.98, "data_line_negative_volts": 0.97, "charging_mode": 0, "record_amphours": 0.08, "record_watthours": 0.405, "record_threshold": 0.17, "record_seconds": 445, "recording": true, "screen_timeout": 1, "screen_brightness": 4, "resistance": 4.7, "screen_selected": 0, "data_groups": [{"amp_hours": 1.884, "watt_hours": 9.245}, {"amp_hours": 27.019, "watt_hours": 99.999}, {"amp_hours": 0.032, "watt_hours": 0.167}, {"amp_hours": 0.0, "watt_hours": 0.0}, {"amp_hours": 0.08, "watt_hours": 0.405}, {"amp_hours": 0.0, "watt_hours": 0.0}, {"amp_hours": 0.0, "watt_hours": 0.0}, {"amp_hours": 0.0, "watt_hours": 0.0}, {"amp_hours": 0.0, "watt_hours": 0.0}, {"amp_hours": 0.0, "watt_hours": 0.0}], "collection_time": 1726749953.12475}
{"volts": 5.08, "amps": 1.017, "watts": 5.166, "temp_c": 25, "temp_f": 78, "data_group_selected": 4, "data_line_positive_volts": 0.97, "data_line_negative_volts": 0.96, "charging_mode": 0, "record_amphours": 0.081, "record_watthours": 0.413, "record_threshold": 0.17, "record_seconds": 450, "recording": true, "screen_timeout": 1, "screen_brightness": 4, "resistance": 4.9, "screen_selected": 0, "data_groups": [{"amp_hours": 1.884, "watt_hours": 9.245}, {"amp_hours": 27.019, "watt_hours": 99.999}, {"amp_hours": 0.032, "watt_hours": 0.167}, {"amp_hours": 0.0, "watt_hours": 0.0}, {"amp_hours": 0.081, "watt_hours": 0.413}, {"amp_hours": 0.0, "watt_hours": 0.0}, {"amp_hours": 0.0, "watt_hours": 0.0}, {"amp_hours": 0.0, "watt_hours": 0.0}, {"amp_hours": 0.0, "watt_hours": 0.0}, {"amp_hours": 0.0, "watt_hours": 0.0}], "collection_time": 1726749958.304815}
{"volts": 5.08, "amps": 1.011, "watts": 5.135, "temp_c": 25, "temp_f": 78, "data_group_selected": 4, "data_line_positive_volts": 0.97, "data_line_negative_volts": 0.96, "charging_mode": 0, "record_amphours": 0.083, "record_watthours": 0.42, "record_threshold": 0.17, "record_seconds": 455, "recording": true, "screen_timeout": 1, "screen_brightness": 4, "resistance": 5.0, "screen_selected": 0, "data_groups": [{"amp_hours": 1.884, "watt_hours": 9.245}, {"amp_hours": 27.019, "watt_hours": 99.999}, {"amp_hours": 0.032, "watt_hours": 0.167}, {"amp_hours": 0.0, "watt_hours": 0.0}, {"amp_hours": 0.083, "watt_hours": 0.42}, {"amp_hours": 0.0, "watt_hours": 0.0}, {"amp_hours": 0.0, "watt_hours": 0.0}, {"amp_hours": 0.0, "watt_hours": 0.0}, {"amp_hours": 0.0, "watt_hours": 0.0}, {"amp_hours": 0.0, "watt_hours": 0.0}], "collection_time": 1726749963.520682}
