{"volts": 5.02, "amps": 0.449, "watts": 2.253, "temp_c": 27, "temp_f": 80, "data_group_selected": 4, "data_line_positive_volts": 0.99, "data_line_negative_volts": 0.98, "charging_mode": 0, "record_amphours": 0.444, "record_watthours": 2.243, "record_threshold": 0.17, "record_seconds": 2601, "recording": true, "screen_timeout": 1, "screen_brightness": 4, "resistance": 11.1, "screen_selected": 0, "data_groups": [{"amp_hours": 1.884, "watt_hours": 9.245}, {"amp_hours": 27.019, "watt_hours": 99.999}, {"amp_hours": 0.032, "watt_hours": 0.167}, {"amp_hours": 0.0, "watt_hours": 0.0}, {"amp_hours": 0.444, "watt_hours": 2.243}, {"amp_hours": 0.0, "watt_hours": 0.0}, {"amp_hours": 0.0, "watt_hours": 0.0}, {"amp_hours": 0.0, "watt_hours": 0.0}, {"amp_hours": 0.0, "watt_hours": 0.0}, {"amp_hours": 0.0, "watt_hours": 0.0}], "collection_time": 1726752107.53648}
{"volts": 5.05, "amps": 0.643, "watts": 3.247, "temp_c": 26, "temp_f": 80, "data_group_selected": 4, "data_line_positive_volts": 0.99, "data_line_negative_volts": 0.97, "charging_mode": 0, "record_amphours": 0.445, "record_watthours": 2.247, "record_threshold": 0.17, "record_seconds": 2606, "recording": true, "screen_timeout": 1, "screen_brightness": 4, "resistance": 7.8, "screen_selected": 0, "data_groups": [{"amp_hours": 1.884, "watt_hours": 9.245}, {"amp_hours": 27.019, "watt_hours": 99.999}, {"amp_hours": 0.032, "watt_hours": 0.167}, {"amp_hours": 0.0, "watt_hours": 0.0}, {"amp_hours": 0.445, "watt_hours": 2.247}, {"amp_hours": 0.0, "watt_hours": 0.0}, {"amp_hours": 0.0, "watt_hours": 0.0}, {"amp_hours": 0.0, "watt_hours": 0.0}, {"amp_hours": 0.0, "watt_hours": 0.0}, {"amp_hours": 0.0, "watt_hours": 0.0}], "collection_time": 1726752112.74873}
{"volts": 5.05, "amps": 0.718, "watts": 3.625, "temp_c": 26, "temp_f": 80, "data_group_selected": 4, "data_line_positive_volts": 0.99, "data_line_negative_volts": 0.97, "charging_mode": 0, "record_amphours": 0.446, "record_watthours": 2.252, "record_threshold": 0.17, "record_seconds": 2611, "recording": true, "screen_timeout": 1, "screen_brightness": 4, "resistance": 7.0, "screen_selected": 0, "data_groups": [{"amp_hours": 1.884, "watt_hours": 9.245}, {"amp_hours": 27.019, "watt_hours": 99.999}, {"amp_hours": 0.032, "watt_hours": 0.167}, {"amp_hours": 0.0, "watt_hours": 0.0}, {"amp_hours": 0.446, "watt_hours": 2.252}, {"amp_hours": 0.0, "watt_hours": 0.0}, {"amp_hours": 0.0, "watt_hours": 0.0}, {"amp_hours": 0.0, "watt_hours": 0.0}, {"amp_hours": 0.0, "watt_hours": 0.0}, {"amp_hours": 0.0, "watt_hours": 0.0}], "collection_time": 1726752117.94065}
{"volts": 5.05, "amps": 0.72, "watts": 3.636, "temp_c": 26, "temp_f": 80, "data_group_selected": 4, "data_line_positive_volts": 0.99, "data_line_negative_volts": 0.98, "charging_mode": 0, "record_amphours": 0.447, "record_watthours": 2.258, "record_threshold": 0.17, "record_seconds": 2617, "recording": true, "screen_timeout": 1, "screen_brightness": 4, "resistance": 7.0, "screen_selected": 0, "data_groups": [{"amp_hours": 1.884, "watt_hours": 9.245}, {"amp_hours": 27.019, "watt_hours": 99.999}, {"amp_hours": 0.032, "watt_hours": 0.167}, {"amp_hours": 0.0, "watt_hours": 0.0}, {"amp_hours": 0.447, "watt_hours": 2.258}, {"amp_hours": 0.0, "watt_hours": 0.0}, {"amp_hours": 0.0, "watt_hours": 0.0}, {"amp_hours": 0.0, "watt_hours": 0.0}, {"amp_hours": 0.0, "watt_hours": 0.0}, {"amp_hours": 0.0, "watt_hours": 0.0}], "collection_time": 1726752123.120598}
{"volts": 5.05, "amps": 0.725, "watts": 3.661, "temp_c": 27, "temp_f": 80, "data_group_selected": 4, "data_line_positive_volts": 0.98, "data_line_negative_volts": 0.97, "charging_mode": 0, "record_amphours": 0.448, "record_watthours": 2.263, "record_threshold": 0.17, "record_seconds": 2622, "recording": true, "screen_timeout": 1, "screen_brightness": 4, "resistance": 6.9, "screen_selected": 0, "data_groups": [{"amp_hours": 1.884, "watt_hours": 9.245}, {"amp_hours": 27.019, "watt_hours": 99.999}, {"amp_hours": 0.032, "watt_hours": 0.167}, {"amp_hours": 0.0, "watt_hours": 0.0}, {"amp_hours": 0.448, "watt_hours": 2.263}, {"amp_hours": 0.0, "watt_hours": 0.0}, {"amp_hours": 0.0, "watt_hours": 0.0}, {"amp_hours": 0.0, "watt_hours": 0.0}, {"amp_hours": 0.0, "watt_hours": 0.0}, {"amp_hours": 0.0, "watt_hours": 0.0}], "collection_time": 1726752128.328586}
{"volts": 5.06, "amps": 0.784, "watts": 3.967, "temp_c": 27, "temp_f": 80, "data_group_selected": 4, "data_line_positive_volts": 0.98, "data_line_negative_volts": 0.97, "charging_mode": 0, "record_amphours": 0.449, "record_watthours": 2.269, "record_threshold": 0.17, "record_seconds": 2627, "recording": true, "screen_timeout": 1, "screen_brightness": 4, "resistance": 6.4, "screen_selected": 0, "data_groups": [{"amp_hours": 1.884, "watt_hours": 9.245}, {"amp_hours": 27.019, "watt_hours": 99.999}, {"amp_hours": 0.032, "watt_hours": 0.167}, {"amp_hours": 0.0, "watt_hours": 0.0}, {"amp_hours": 0.449, "watt_hours": 2.269}, {"amp_hours": 0.0, "watt_hours": 0.0}, {"amp_hours": 0.0, "watt_hours": 0.0}, {"amp_hours": 0.0, "watt_hours": 0.0}, {"amp_hours": 0.0, "watt_hours": 0.0}, {"amp_hours": 0.0, "watt_hours": 0.0}], "collection_time": 1726752133.516533}
{"volts": 5.05, "amps": 0.731, "watts": 3.691, "temp_c": 27, "temp_f": 80, "data_group_selected": 4, "data_line_positive_volts": 0.99, "data_line_negative_volts": 0.97, "charging_mode": 0, "record_amphours": 0.45, "record_watthours": 2.274, "record_threshold": 0.17, "record_seconds": 2632, "recording": true, "screen_timeout": 1, "screen_brightness": 4, "resistance": 6.9, "screen_selected": 0, "data_groups": [{"amp_hours": 1.884, "watt_hours": 9.245}, {"amp_hours": 27.019, "watt_hours": 99.999}, {"amp_hours": 0.032, "watt_hours": 0.167}, {"amp_hours": 0.0, "watt_hours": 0.0}, {"amp_hours": 0.45, "watt_hours": 2.274}, {"amp_hours": 0.0, "watt_hours": 0.0}, {"amp_hours": 0.0, "watt_hours": 0.0}, {"amp_hours": 0.0, "watt_hours": 0.0}, {"amp_hours": 0.0, "watt_hours": 0.0}, {"amp_hours": 0.0, "watt_hours": 0.0}], "collection_time": 1726752138.708721}
{"volts": 5.05, "amps": 0.695, "watts": 3.509, "temp_c": 27, "temp_f": 80, "data_group_selected": 4, "data_line_positive_volts": 0.98, "data_line_negative_volts": 0.97, "charging_mode": 0, "record_amphours": 0.451, "record_watthours": 2.279, "record_threshold": 0.17, "record_seconds": 2637, "recording": true, "screen_timeout": 1, "screen_brightness": 4, "resistance": 7.2, "screen_selected": 0, "data_groups": [{"amp_hours": 1.884, "watt_hours": 9.245}, {"amp_hours": 27.019, "watt_hours": 99.999}, {"amp_hours": 0.032, "watt_hours": 0.167}, {"amp_hours": 0.0, "watt_hours": 0.0}, {"amp_hours": 0.451, "watt_hours": 2.279}, {"amp_hours": 0.0, "watt_hours": 0.0}, {"amp_hours": 0.0, "watt_hours": 0.0}, {"amp_hours": 0.0, "watt_hours": 0.0}, {"amp_hours": 0.0, "watt_hours": 0.0}, {"amp_hours": 0.0, "watt_hours": 0.0}], "collection_time": 1726752143.92075}
{"volts": 5.05, "amps": 0.75, "watts": 3.787, "temp_c": 27, "temp_f": 80, "data_group_selected": 4, "data_line_positive_volts": 0.98, "data_line_negative_volts": 0.97, "charging_mode": 0, "record_amphours": 0.452, "record_watthours": 2.285, "record_threshold": 0.17, "record_seconds": 2643, "recording": true, "screen_timeout": 1, "screen_brightness": 4, "resistance": 6.7, "screen_selected": 0, "data_groups": [{"amp_hours": 1.884, "watt_hours": 9.245}, {"amp_hours": 27.019, "watt_hours": 99.999}, {"amp_hours": 0.032, "watt_hours": 0.167}, {"amp_hours": 0.0, "watt_hours": 0.0}, {"amp_hours": 0.452, "watt_hours": 2.285}, {"amp_hours": 0.0, "watt_hours": 0.0}, {"amp_hours": 0.0, "watt_hours": 0.0}, {"amp_hours": 0.0, "watt_hours": 0.0}, {"amp_hours": 0.0, "watt_hours": 0.0}, {"amp_hours": 0.0, "watt_hours": 0.0}], "collection_time": 1726752149.112591}
