{"volts": 5.03, "amps": 0.475, "watts": 2.389, "temp_c": 26, "temp_f": 80, "data_group_selected": 4, "data_line_positive_volts": 0.99, "data_line_negative_volts": 0.98, "charging_mode": 0, "record_amphours": 0.391, "record_watthours": 1.975, "record_threshold": 0.17, "record_seconds": 2314, "recording": true, "screen_timeout": 1, "screen_brightness": 4, "resistance": 10.5, "screen_selected": 0, "data_groups": [{"amp_hours": 1.884, "watt_hours": 9.245}, {"amp_hours": 27.019, "watt_hours": 99.999}, {"amp_hours": 0.032, "watt_hours": 0.167}, {"amp_hours": 0.0, "watt_hours": 0.0}, {"amp_hours": 0.391, "watt_hours": 1.975}, {"amp_hours": 0.0, "watt_hours": 0.0}, {"amp_hours": 0.0, "watt_hours": 0.0}, {"amp_hours": 0.0, "watt_hours": 0.0}, {"amp_hours": 0.0, "watt_hours": 0.0}, {"amp_hours": 0.0, "watt_hours": 0.0}], "collection_time": 1726751821.204695}
{"volts": 5.05, "amps": 0.638, "watts": 3.221, "temp_c": 26, "temp_f": 80, "data_group_selected": 4, "data_line_positive_volts": 0.99, "data_line_negative_volts": 0.98, "charging_mode": 0, "record_amphours": 0.392, "record_watthours": 1.98, "record_threshold": 0.17, "record_seconds": 2320, "recording": true, "screen_timeout": 1, "screen_brightness": 4, "resistance": 7.9, "screen_selected": 0, "data_groups": [{"amp_hours": 1.884, "watt_hours": 9.245}, {"amp_hours": 27.019, "watt_hours": 99.999}, {"amp_hours": 0.032, "watt_hours": 0.167}, {"amp_hours": 0.0, "watt_hours": 0.0}, {"amp_hours": 0.392, "watt_hours": 1.98}, {"amp_hours": 0.0, "watt_hours": 0.0}, {"amp_hours": 0.0, "watt_hours": 0.0}, {"amp_hours": 0.0, "watt_hours": 0.0}, {"amp_hours": 0.0, "watt_hours": 0.0}, {"amp_hours": 0.0, "watt_hours": 0.0}], "collection_time": 1726751826.39671}
{"volts": 5.05, "amps": 0.716, "watts": 3.615, "temp_c": 26, "temp_f": 80, "data_group_selected": 4, "data_line_positive_volts": 0.99, "data_line_negative_volts": 0.98, "charging_mode": 0, "record_amphours": 0.393, "record_watthours": 1.985, "record_threshold": 0.17, "record_seconds": 2325, "recording": true, "screen_timeout": 1, "screen_brightness": 4, "resistance": 7.0, "screen_selected": 0, "data_groups": [{"amp_hours": 1.884, "watt_hours": 9.245}, {"amp_hours": 27.019, "watt_hours": 99.999}, {"amp_hours": 0.032, "watt_hours": 0.167}, {"amp_hours": 0.0, "watt_hours": 0.0}, {"amp_hours": 0.393, "watt_hours": 1.985}, {"amp_hours": 0.0, "watt_hours": 0.0}, {"amp_hours": 0.0, "watt_hours": 0.0}, {"amp_hours": 0.0, "watt_hours": 0.0}, {"amp_hours": 0.0, "watt_hours": 0.0}, {"amp_hours": 0.0, "watt_hours": 0.0}], "collection_time": 1726751831.588578}
{"volts": 5.05, "amps": 0.722, "watts": 3.646, "temp_c": 26, "temp_f": 80, "data_group_selected": 4, "data_line_positive_volts": 0.99, "data_line_negative_volts": 0.98, "charging_mode": 0, "record_amphours": 0.394, "record_watthours": 1.99, "record_threshold": 0.17, "record_seconds": 2330, "recording": true, "screen_timeout": 1, "screen_brightness": 4, "resistance": 6.9, "screen_selected": 0, "data_groups": [{"amp_hours": 1.884, "watt_hours": 9.245}, {"amp_hours": 27.019, "watt_hours": 99.999}, {"amp_hours": 0.032, "watt_hours": 0.167}, {"amp_hours": 0.0, "watt_hours": 0.0}, {"amp_hours": 0.394, "watt_hours": 1.99}, {"amp_hours": 0.0, "watt_hours": 0.0}, {"amp_hours": 0.0, "watt_hours": 0.0}, {"amp_hours": 0.0, "watt_hours": 0.0}, {"amp_hours": 0.0, "watt_hours": 0.0}, {"amp_hours": 0.0, "watt_hours": 0.0}], "collection_time": 1726751836.780506}
{"volts": 5.05, "amps": 0.719, "watts": 3.63, "temp_c": 26, "temp_f": 80, "data_group_selected": 4, "data_line_positive_volts": 0.99, "data_line_negative_volts": 0.98, "charging_mode": 0, "record_amphours": 0.395, "record_watthours": 1.995, "record_threshold": 0.17, "record_seconds": 2335, "recording": true, "screen_timeout": 1, "screen_brightness": 4, "resistance": 7.0, "screen_selected": 0, "data_groups": [{"amp_hours": 1.884, "watt_hours": 9.245}, {"amp_hours": 27.019, "watt_hours": 99.999}, {"amp_hours": 0.032, "watt_hours": 0.167}, {"amp_hours": 0.0, "watt_hours": 0.0}, {"amp_hours": 0.395, "watt_hours": 1.995}, {"amp_hours": 0.0, "watt_hours": 0.0}, {"amp_hours": 0.0, "watt_hours": 0.0}, {"amp_hours": 0.0, "watt_hours": 0.0}, {"amp_hours": 0.0, "watt_hours": 0.0}, {"amp_hours": 0.0, "watt_hours": 0.0}], "collection_time": 1726751841.992631}
{"volts": 5.05, "amps": 0.721, "watts": 3.641, "temp_c": 26, "temp_f": 80, "data_group_selected": 4, "data_line_positive_volts": 0.99, "data_line_negative_volts": 0.98, "charging_mode": 0, "record_amphours": 0.396, "record_watthours": 2.0, "record_threshold": 0.17, "record_seconds": 2340, "recording": true, "screen_timeout": 1, "screen_brightness": 4, "resistance": 7.0, "screen_selected": 0, "data_groups": [{"amp_hours": 1.884, "watt_hours": 9.245}, {"amp_hours": 27.019, "watt_hours": 99.999}, {"amp_hours": 0.032, "watt_hours": 0.167}, {"amp_hours": 0.0, "watt_hours": 0.0}, {"amp_hours": 0.396, "watt_hours": 2.0}, {"amp_hours": 0.0, "watt_hours": 0.0}, {"amp_hours": 0.0, "watt_hours": 0.0}, {"amp_hours": 0.0, "watt_hours": 0.0}, {"amp_hours": 0.0, "watt_hours": 0.0}, {"amp_hours": 0.0, "watt_hours": 0.0}], "collection_time": 1726751847.184699}
{"volts": 5.05, "amps": 0.72, "watts": 3.636, "temp_c": 26, "temp_f": 80, "data_group_selected": 4, "data_line_positive_volts": 0.99, "data_line_negative_volts": 0.98, "charging_mode": 0, "record_amphours": 0.397, "record_watthours": 2.006, "record_threshold": 0.17, "record_seconds": 2346, "recording": true, "screen_timeout": 1, "screen_brightness": 4, "resistance": 7.0, "screen_selected": 0, "data_groups": [{"amp_hours": 1.884, "watt_hours": 9.245}, {"amp_hours": 27.019, "watt_hours": 99.999}, {"amp_hours": 0.032, "watt_hours": 0.167}, {"amp_hours": 0.0, "watt_hours": 0.0}, {"amp_hours": 0.397, "watt_hours": 2.006}, {"amp_hours": 0.0, "watt_hours": 0.0}, {"amp_hours": 0.0, "watt_hours": 0.0}, {"amp_hours": 0.0, "watt_hours": 0.0}, {"amp_hours": 0.0, "watt_hours": 0.0}, {"amp_hours": 0.0, "watt_hours": 0.0}], "collection_time": 1726751852.368673}
{"volts": 5.05, "amps": 0.718, "watts": 3.625, "temp_c": 26, "temp_f": 80, "data_group_selected": 4, "data_line_positive_volts": 0.99, "data_line_negative_volts": 0.98, "charging_mode": 0, "record_amphours": 0.398, "record_watthours": 2.011, "record_threshold": 0.17, "record_seconds": 2351, "recording": true, "screen_timeout": 1, "screen_brightness": 4, "resistance": 7.0, "screen_selected": 0, "data_groups": [{"amp_hours": 1.884, "watt_hours": 9.245}, {"amp_hours": 27.019, "watt_hours": 99.999}, {"amp_hours": 0.032, "watt_hours": 0.167}, {"amp_hours": 0.0, "watt_hours": 0.0}, {"amp_hours": 0.398, "watt_hours": 2.011}, {"amp_hours": 0.0, "watt_hours": 0.0}, {"amp_hours": 0.0, "watt_hours": 0.0}, {"amp_hours": 0.0, "watt_hours": 0.0}, {"amp_hours": 0.0, "watt_hours": 0.0}, {"amp_hours": 0.0, "watt_hours": 0.0}], "collection_time": 1726751857.560686}
{"volts": 5.05, "amps": 0.726, "watts": 3.666, "temp_c": 26, "temp_f": 80, "data_group_selected": 4, "data_line_positive_volts": 0.99, "data_line_negative_volts": 0.97, "charging_mode": 0, "record_amphours": 0.399, "record_watthours": 2.016, "record_threshold": 0.17, "record_seconds": 2356, "recording": true, "screen_timeout": 1, "screen_brightness": 4, "resistance": 6.9, "screen_selected": 0, "data_groups": [{"amp_hours": 1.884, "watt_hours": 9.245}, {"amp_hours": 27.019, "watt_hours": 99.999}, {"amp_hours": 0.032, "watt_hours": 0.167}, {"amp_hours": 0.0, "watt_hours": 0.0}, {"amp_hours": 0.399, "watt_hours": 2.016}, {"amp_hours": 0.0, "watt_hours": 0.0}, {"amp_hours": 0.0, "watt_hours": 0.0}, {"amp_hours": 0.0, "watt_hours": 0.0}, {"amp_hours": 0.0, "watt_hours": 0.0}, {"amp_hours": 0.0, "watt_hours": 0.0}], "collection_time": 1726751862.756444}
